timestamp,mode_time_elapsed,fps,person_detected,person_x_pixels,person_z_camera,person_confidence,servo_position,servo_is_moving,person_centered,pixel_error,total_moves,successful_centers,false_positive_rejections,detection_success_count,detection_failure_count,detection_rate,consecutive_successes,consecutive_failures,rolling_variance_pixels,rolling_std_dev_pixels,average_variance_pixels,reused_detection,last_good_age_ms,smoothing_applied,smoothed_position_x,raw_position_x,dynamic_offset_x,dynamic_offset_y,calibration_samples_count,movement_enabled,base_is_moving,base_direction,base_speed,movement_success_rate,total_movement_commands,avg_movement_duration,robot_pos_x,robot_pos_y,robot_orientation,robot_velocity_x,robot_velocity_y,total_distance_traveled,total_rotation,position_confidence,orientation_confidence,imu_initialized,imu_roll,imu_pitch,imu_yaw,imu_smoothed_yaw,imu_angular_vel_x,imu_angular_vel_y,imu_angular_vel_z,imu_accel_x,imu_accel_y,imu_accel_z,imu_update_rate,navigation_enabled,navigation_state,has_person_target,goal_reached,person_distance_mm,person_angle_deg,time_since_person_update,attractive_force_magnitude,repulsive_force_magnitude,total_force_magnitude,nav_movement_direction,nav_movement_speed,navigation_success_rate,goals_reached,force_calculations_count,obstacles_filtered_count
1764070078.314678,9.3767671585083,0.10676549132252161,True,682,2066.680419921875,0.9931640625,0.02,True,False,-228,1,0,0,1,0,100.0,1,0,0.0,0.0,0.0,0,0.0,0,682,682,0.0,0.0,0,False,False,NONE,0.0,0.0,0,0.0,0.0,0.0,0.0,0.0,0.0,0.0,0.0,1.0,1.0,True,173.80885380768007,86.31308777805525,173.75435176960852,173.75435176960852,-0.002130528911948204,-0.006391586735844612,-0.002130528911948204,-9.232041358947754,0.06703764945268631,-0.5937620401382446,9.99571983508496,False,IDLE,True,False,2199.670175577887,2.987623713364885,0.00012254714965820312,0.9300309060360228,0.0,0.9300309060360228,NONE,0.0,0.0,0,1,0
1764070078.3464744,9.408563613891602,12.59165848403266,True,682,2066.680419921875,0.9931640625,0.02,True,False,-228,1,0,0,2,0,100.0,2,0,0,0.0,0,1,32.416582107543945,1,682.0,682,0.0,0.0,0,False,False,NONE,0.0,0.0,0,0.0,0.0,0.0,173.75435176960852,0.0,0.0,0.0,0.0,1.0,0.9,True,173.80885380768007,86.31308777805525,173.75435176960852,173.75435176960852,0.003195793367922306,0.001065264455974102,0.007456851191818714,-9.193734169006348,0.019153613597154617,-0.6033388376235962,9.99789997342191,False,IDLE,True,False,2199.670175577887,1.862623713364885,8.893013000488281e-05,0.930030906036023,0.0,0.930030906036023,NONE,0.0,0.0,0,2,0
1764070078.3852668,9.44735598564148,16.724602561731317,True,682,2066.680419921875,0.9931640625,0.02,True,False,-228,1,0,0,3,0,100.0,3,0,0,0.0,0,1,71.11692428588867,2,682.0,682,0.0,0.0,0,False,False,NONE,0.0,0.0,0,0.0,0.0,0.0,173.73052851114554,0.0,0.0,0.0,0.02382325846298272,1.0,0.9,True,173.737253438626,86.49525607453205,173.68288199421954,173.73052851114554,0.002130528911948204,0.004261057823896408,-0.004261057823896408,-9.21288776397705,0.05746084079146385,-0.5937620401382446,9.99841238435555,False,IDLE,True,False,2199.670175577887,1.862623713364885,0.00011754035949707031,0.930030906036023,0.0,0.930030906036023,NONE,0.0,0.0,0,3,0
1764070078.4264846,9.488573789596558,18.857930510233746,True,682,2066.680419921875,0.9912109375,0.02,True,False,-228,1,0,0,4,0,100.0,4,0,0,0.0,0,0,0.0,3,682.0,682,0.0,0.0,0,False,False,NONE,0.0,0.0,0,0.0,0.0,0.0,173.71861688191402,0.0,0.0,0.0,0.035734887694502504,1.0,0.9,True,173.737253438626,86.49525607453205,173.68288199421954,173.71861688191402,-0.007456851191818714,0.002130528911948204,0.006391586735844612,-9.222464561462402,0.1149216815829277,-0.6033388376235962,9.999127464139015,False,IDLE,True,False,2199.5760782337,1.8152851401633798,8.606910705566406e-05,0.9301104807422934,0.0,0.9301104807422934,NONE,0.0,0.0,0,4,0
1764070078.465367,9.527456283569336,20.024683226203443,True,682,2066.680419921875,0.9912109375,0.02,True,False,-228,1,0,0,5,0,100.0,5,0,0,0.0,0,1,38.610219955444336,4,682.0,682,0.0,0.0,0,False,False,NONE,0.0,0.0,0,0.0,0.0,0.0,173.71146990437515,0.0,0.0,0.0,0.0428818652333689,1.0,0.9,True,173.737253438626,86.49525607453205,173.68288199421954,173.71146990437515,0.007456851191818714,-0.009587380103766918,0.007456851191818714,-9.232041358947754,0.047884032130241394,-0.5554547905921936,9.999127464139015,False,IDLE,True,False,2199.5760782337,1.8152851401633798,0.00011944770812988281,0.9301104807422934,0.0,0.9301104807422934,NONE,0.0,0.0,0,5,0
1764070078.5081606,9.570249795913696,20.881254828557346,True,677,2066.680419921875,0.9921875,0.02,True,False,-233,1,0,0,6,0,100.0,6,0,4.166666666666667,2.041241452319315,4.166666666666667,0,0.0,5,680.3333333333334,677,0.0,0.0,0,False,False,NONE,0.0,0.0,0,0.0,0.0,0.0,173.70670525268253,0.0,0.0,0.0,0.047646516925993865,1.0,0.9,True,173.737253438626,86.49525607453205,173.68288199421954,173.70670525268253,0.008522115647792816,-0.001065264455974102,0.002130528911948204,-9.174580574035645,0.09576806426048279,-0.5746083855628967,9.999040060012142,False,IDLE,True,False,2199.0430330242084,1.5311705737230643,0.00018906593322753906,0.9305614505670347,0.0,0.9305614505670347,NONE,0.0,0.0,0,6,0
1764070078.5460038,9.608093023300171,21.454811126613897,True,677,2066.680419921875,0.9921875,0.04,True,False,-233,2,0,0,7,0,100.0,7,0,5.9523809523809526,2.439750182371333,5.9523809523809526,1,37.82939910888672,6,679.0,677,0.0,0.0,0,False,False,NONE,0.0,0.0,0,0.0,0.0,0.0,173.70330193004497,0.0,0.0,0.0,0.051049839563546584,1.0,0.9,True,173.737253438626,86.49525607453205,173.68288199421954,173.70330193004497,0.001065264455974102,-0.002130528911948204,-0.004261057823896408,-9.222464561462402,0.019153613597154617,-0.5937620401382446,9.999253464985056,False,IDLE,True,False,2199.0430330242084,1.5311705737230643,0.00013399124145507812,0.9305614505670347,0.0,0.9305614505670347,NONE,0.0,0.0,0,7,0
1764070078.589403,9.65149211883545,21.859403327281733,True,677,2066.680419921875,0.9921875,0.04,True,False,-233,2,0,0,8,0,100.0,8,0,6.696428571428571,2.5877458475338284,6.696428571428571,1,81.7267894744873,7,678.0,677,0.0,0.0,0,False,False,NONE,0.0,0.0,0,0.0,0.0,0.0,173.70074943806677,0.0,0.0,0.0,0.053602331541753756,1.0,0.9,True,173.737253438626,86.49525607453205,173.68288199421954,173.70074943806677,0.015978965908288956,-0.004261057823896408,-0.006391586735844612,-9.165003776550293,0.09576806426048279,-0.5841852426528931,9.99928539137934,False,IDLE,True,False,2199.0430330242084,0.40617057372306425,0.00014352798461914062,0.9305614505670343,0.0,0.9305614505670343,NONE,0.0,0.0,0,8,0
1764070078.6285233,9.690612554550171,22.181389554888376,True,677,2066.680419921875,0.9921875,0.04,True,False,-233,2,0,0,9,0,100.0,9,0,6.944444444444445,2.6352313834736494,6.944444444444445,1,120.94235420227051,8,677.3333333333334,677,0.0,0.0,0,False,False,NONE,0.0,0.0,0,0.0,0.0,0.0,173.6987641665282,0.0,0.0,0.0,0.055587603080311965,1.0,0.9,True,173.737253438626,86.49525607453205,173.68288199421954,173.6987641665282,0.011717909015715122,-0.003195793367922306,-0.003195793367922306,-9.241618156433105,0.038307227194309235,-0.5363011956214905,9.999426768633331,False,IDLE,True,False,2199.0430330242084,0.40617057372306425,0.00013303756713867188,0.9305614505670343,0.0,0.9305614505670343,NONE,0.0,0.0,0,9,0
1764070078.6666143,9.728703498840332,22.44721850085345,True,677,2066.680419921875,0.9921875,0.04,True,False,-233,2,0,0,10,0,100.0,10,0,6.944444444444445,2.6352313834736494,6.944444444444445,1,158.9674949645996,9,677.0,677,0.0,0.0,0,False,False,NONE,0.0,0.0,0,0.0,0.0,0.0,173.69719913774665,0.0,0.0,0.0,0.05715263186186803,1.0,0.9,True,173.73756037668653,86.41285885195914,173.6831138787125,173.69719913774665,-0.012783173471689224,0.003195793367922306,0.004261057823896408,-9.184157371520996,-0.10534487664699554,-0.6224924325942993,9.999425444237694,False,IDLE,True,False,2199.0430330242084,0.40617057372306425,0.00014066696166992188,0.9305614505670343,0.0,0.9305614505670343,NONE,0.0,0.0,0,10,0
1764070078.7079785,9.770067691802979,22.68032171699829,True,677,2066.680419921875,0.9921875,0.04,True,False,-233,2,0,0,11,0,100.0,11,0,6.818181818181818,2.6111648393354674,6.818181818181818,1,200.8054256439209,10,677.0,677,0.0,0.0,0,False,False,NONE,0.0,0.0,0,0.0,0.0,0.0,173.69920725238305,0.0,0.0,0.0,0.059160746498264416,1.0,0.9,True,173.80413122427868,86.41298166672931,173.7744329159727,173.69920725238305,-0.0511326938867569,0.008522115647792816,0.006391586735844612,-9.174580574035645,-0.028730420395731926,-0.5363011956214905,9.999656255574198,False,IDLE,True,False,2199.0430330242084,0.40617057372306425,8.988380432128906e-05,0.9305614505670343,0.0,0.9305614505670343,NONE,0.0,0.0,0,11,0
1764070078.747397,9.809486150741577,22.86293175857099,True,677,2066.680419921875,0.9921875,0.06,True,False,-233,3,0,0,12,0,100.0,12,0,6.628787878787879,2.5746432527221863,6.628787878787879,1,239.15481567382812,11,677.0,677,0.0,0.0,0,False,False,NONE,0.0,0.0,0,0.0,0.0,0.0,173.69604140798137,0.0,0.0,0.0,0.06232659089994286,1.0,0.9,True,173.6979448452391,86.41269510546434,173.72269332559188,173.69604140798137,-0.008522115647792816,0.004261057823896408,0.002130528911948204,-9.184157371520996,0.07661445438861847,-0.4884171485900879,9.99958040090786,False,IDLE,True,False,2199.0430330242084,0.40617057372306425,0.0001316070556640625,0.9305614505670343,0.0,0.9305614505670343,NONE,0.0,0.0,0,12,0
1764070078.7891326,9.851221799850464,22.99903242393291,True,677,2066.680419921875,0.9921875,0.06,True,False,-233,3,0,0,13,0,100.0,13,0,6.410256410256411,2.5318484177091665,6.410256410256411,1,281.4013957977295,12,677.0,677,0.0,0.0,0,False,False,NONE,0.0,0.0,0,0.0,0.0,0.0,173.77142186432866,0.0,0.0,0.0,0.1377070472472326,1.0,0.9,True,174.4069871771483,86.41500189007952,174.43668655769235,173.77142186432866,0.008522115647792816,-0.001065264455974102,0.012783173471689224,-9.193734169006348,0.20111294090747833,-0.6703764796257019,9.999600573135371,False,IDLE,True,False,2199.0430330242084,359.28117057372305,0.00014710426330566406,0.9305614505670349,0.0,0.9305614505670349,NONE,0.0,0.0,0,13,0
1764070078.8266447,9.888733863830566,23.15498682331356,False,0,0,0.0,0.06,True,False,0,3,0,0,13,1,92.85714285714286,0,1,6.410256410256411,2.5318484177091665,6.410256410256411,0,0.0,12,677.0,0,0.0,0.0,0,False,False,NONE,0.0,0.0,0,0.0,0.0,0.0,173.7840422771897,0.0,0.0,0.0,0.15032746010828646,1.0,0.9,True,173.76948841211748,86.41302942916296,173.8090861228298,173.7840422771897,-0.002130528911948204,-0.004261057823896408,-0.011717909015715122,-9.21288776397705,0.047884032130241394,-0.6129156351089478,9.999738768181283,False,IDLE,True,False,2199.0430330242084,359.28117057372305,0.037938594818115234,0.9305614505670349,0.0,0.9305614505670349,NONE,0.0,0.0,0,14,0
1764070078.8686836,9.93077278137207,23.263669177025143,True,680,2066.680419921875,0.9931640625,0.06,True,False,-230,3,0,0,14,1,93.33333333333333,1,0,6,2.449489742783178,6,0,0.0,13,678.0,680,0.0,0.0,0,False,False,NONE,0.0,0.0,0,0.0,0.0,0.0,173.8047797151822,0.0,0.0,0.0,0.17106489810078074,1.0,0.9,True,173.84577020631895,86.49573095931804,173.89025637414483,173.8047797151822,-0.01065264455974102,-0.013848437927663326,-0.009587380103766918,-9.2033109664917,0.0,-0.6129156351089478,9.999748872070029,False,IDLE,True,False,2199.4834821278896,359.51794235035356,0.00011014938354492188,0.9301887958758882,0.0,0.9301887958758882,NONE,0.0,0.0,0,15,0
1764070078.9069927,9.96908187866211,23.381588707564653,True,680,2066.680419921875,0.9931640625,0.06,True,False,-230,3,0,0,15,1,93.75,2,0,5.6380952380952385,2.374467358818655,5.6380952380952385,1,38.18249702453613,14,678.8,680,0.0,0.0,0,False,False,NONE,0.0,0.0,0,0.0,0.0,0.0,173.83814484742808,0.0,0.0,0.0,0.20443003034665708,1.0,0.9,True,173.89284501118075,86.38969465928287,174.01653331667802,173.83814484742808,-0.08735167980194092,-0.00532632227987051,-0.00532632227987051,-9.222464561462402,-0.10534487664699554,-0.5267243981361389,9.99975771298943,False,IDLE,True,False,2199.4834821278896,359.51794235035356,0.00010418891906738281,0.9301887958758882,0.0,0.9301887958758882,NONE,0.0,0.0,0,16,0
1764070078.9489777,10.011066913604736,23.457662545648127,True,679,2066.680419921875,0.9951171875,0.08,True,False,-231,4,0,0,16,1,94.11764705882352,3,0,5.2625,2.2940139493908926,5.2625,0,0.0,15,679.0666666666667,679,0.0,0.0,0,False,False,NONE,0.0,0.0,0,0.0,0.0,0.0,173.9594071539641,0.0,0.0,0.0,0.32569233688266763,1.0,0.9,True,174.42064646448748,86.40650550378443,174.8955050595798,173.9594071539641,-0.22583605349063873,-0.002130528911948204,0.007456851191818714,-9.2033109664917,-0.20111294090747833,-0.6799532771110535,9.999787952207345,False,IDLE,True,False,2199.302795952388,359.4232451714048,9.107589721679688e-05,0.9303416435514447,0.0,0.9303416435514447,NONE,0.0,0.0,0,17,0
1764070078.9883711,10.05046033859253,23.53131008566125,True,679,2066.680419921875,0.9951171875,0.08,True,False,-231,4,0,0,17,1,94.44444444444444,4,0,4.9338235294117645,2.2212211797594055,4.9338235294117645,1,39.26539421081543,16,679.2,679,0.0,0.0,0,False,False,NONE,0.0,0.0,0,0.0,0.0,0.0,174.26963028804101,0.0,0.0,0.0,0.6359154709595884,1.0,0.9,True,175.85529745651402,86.32925481897024,176.78511333498864,174.26963028804101,-0.23542344570159912,-0.014913702383637428,0.013848437927663326,-9.184157371520996,0.05746084079146385,-0.5650315880775452,9.99966781448154,False,IDLE,True,False,2199.302795952388,358.2982451714048,0.00015807151794433594,0.9303416435514446,0.0,0.9303416435514446,NONE,0.0,0.0,0,18,0
1764070079.0297618,10.091850996017456,23.587034399729195,True,678,2060.5305478709047,0.994140625,0.08,True,False,-232,4,0,0,18,1,94.73684210526315,5,0,4.705882352941177,2.1693045781865616,4.705882352941177,0,0.0,17,678.8666666666667,678,0.0,0.0,0,False,False,NONE,0.0,0.0,0,0.0,0.0,0.0,174.61046455355802,0.0,0.0,0.0,0.9767497364765916,1.0,0.9,True,175.71121833394096,86.32057035255518,177.09122464938952,174.61046455355802,-0.18216021358966827,0.0,-0.006391586735844612,-9.2033109664917,0.2968810200691223,-0.49799394607543945,9.999822569531977,False,IDLE,True,False,2193.041792757689,358.2422065260688,0.00010013580322265625,0.93566136600484,0.0,0.93566136600484,NONE,0.0,0.0,0,19,0
1764070079.0681434,10.130232572555542,23.664440635037273,True,678,2060.5305478709047,0.994140625,0.08,True,False,-232,4,0,0,19,1,95.0,6,0,4.497076023391813,2.1206310436735127,4.497076023391813,1,38.297414779663086,18,678.4666666666667,678,0.0,0.0,0,False,False,NONE,0.0,0.0,0,0.0,0.0,0.0,174.92765298829823,0.0,0.0,0.0,1.2939381712168085,1.0,0.9,True,175.1925757382859,86.29860434586148,176.85499822611465,174.92765298829823,-0.12144014239311218,-0.003195793367922306,-0.007456851191818714,-9.232041358947754,0.38307225704193115,-0.507570743560791,9.999806884680352,False,IDLE,True,False,2193.041792757689,358.2422065260688,9.894371032714844e-05,0.93566136600484,0.0,0.93566136600484,NONE,0.0,0.0,0,20,0
1764070079.1099167,10.172005891799927,23.747783140969386,True,679,2056.42962598551,0.9951171875,0.08,True,False,-231,4,0,0,20,1,95.23809523809523,7,0,4.260526315789473,2.0641042405337657,4.260526315789473,0,0.0,19,678.5333333333333,679,0.0,0.0,0,False,False,NONE,0.0,0.0,0,0.0,0.0,0.0,175.37126768216763,0.0,0.0,0.0,1.7375528650862009,1.0,0.9,True,176.27058091992234,86.29424259886613,178.2105798546668,175.37126768216763,-0.13102751970291138,0.00532632227987051,-0.00532632227987051,-9.21288776397705,-0.05746084079146385,-0.6416460275650024,9.999777935054858,False,IDLE,True,False,2189.033028401648,358.29463553001983,0.00015282630920410156,0.939091447083197,0.0,0.939091447083197,NONE,0.0,0.0,0,21,0
1764070079.1481316,10.21022081375122,23.803775992233238,True,679,2056.42962598551,0.9951171875,0.08,True,False,-231,4,0,0,21,1,95.45454545454545,8,0,4.0476190476190474,2.011869540407391,4.0476190476190474,1,38.05351257324219,20,678.6666666666666,679,0.0,0.0,0,False,False,NONE,0.0,0.0,0,0.0,0.0,0.0,175.85460404087533,0.0,0.0,0.0,2.220889223793904,1.0,0.9,True,176.24129075055322,86.32357829254754,178.5560569126689,175.85460404087533,-0.23329290747642517,0.006391586735844612,-0.01065264455974102,-9.14585018157959,-0.2968810200691223,-0.6416460275650024,9.999765705049533,False,IDLE,True,False,2189.033028401648,358.29463553001983,0.00016260147094726562,0.939091447083197,0.0,0.939091447083197,NONE,0.0,0.0,0,22,0
1764070079.1910102,10.25309944152832,23.853569081349434,True,679,2056.42962598551,0.9951171875,0.1,True,False,-231,5,0,0,22,1,95.65217391304348,9,0,3.854978354978355,1.9634098795153179,3.854978354978355,1,80.35874366760254,21,678.8,679,0.0,0.0,0,False,False,NONE,0.0,0.0,0,0.0,0.0,0.0,176.26399699503295,0.0,0.0,0.0,2.6302821779515284,1.0,0.9,True,175.66009456408753,86.2849612186659,178.53061609926843,176.26399699503295,-0.24288028478622437,0.004261057823896408,0.014913702383637428,-9.260771751403809,-0.13407529890537262,-0.4692635238170624,9.999783562078916,False,IDLE,True,False,2189.033028401648,358.29463553001983,0.00015473365783691406,0.939091447083197,0.0,0.939091447083197,NONE,0.0,0.0,0,23,0
1764070079.2275636,10.289652824401855,23.90247548611191,True,679,2056.42962598551,0.9951171875,0.1,True,False,-231,5,0,0,23,1,95.83333333333334,10,0,3.6798418972332017,1.9182914005002476,3.6798418972332017,1,118.08896064758301,22,678.9333333333333,679,0.0,0.0,0,False,False,NONE,0.0,0.0,0,0.0,0.0,0.0,176.68583095512153,0.0,0.0,0.0,3.0521161380401054,1.0,0.9,True,174.66554727625416,86.33393855244937,178.0274257237158,176.68583095512153,-0.22583605349063873,0.0,-0.001065264455974102,-9.184157371520996,0.3256114423274994,-0.5363011956214905,9.99984165283447,False,IDLE,True,False,2189.033028401648,357.16963553001983,0.00010395050048828125,0.9390914470831971,0.0,0.9390914470831971,NONE,0.0,0.0,0,24,0
1764070079.2700746,10.33216381072998,23.93904652956275,True,679,2056.42962598551,0.9951171875,0.1,True,False,-231,5,0,0,24,1,96.0,11,0,3.5199275362318843,1.8761469921708918,3.5199275362318843,1,160.56537628173828,23,679.0,679,0.0,0.0,0,False,False,NONE,0.0,0.0,0,0.0,0.0,0.0,177.07860085282996,0.0,0.0,0.0,3.4448860357485387,1.0,0.9,True,173.97654268765166,86.25301315194076,177.81795535122916,177.07860085282996,-0.1992044448852539,0.002130528911948204,-0.004261057823896408,-9.165003776550293,0.40222588181495667,-0.5267243981361389,9.999845507147583,False,IDLE,True,False,2189.033028401648,357.16963553001983,0.00010848045349121094,0.9390914470831971,0.0,0.9390914470831971,NONE,0.0,0.0,0,25,0
1764070079.3094378,10.371526956558228,23.955726862914158,True,679,2056.42962598551,0.9951171875,0.1,True,False,-231,5,0,0,25,1,96.15384615384616,12,0,3.3733333333333335,1.8366636418607882,3.3733333333333335,1,199.41425323486328,24,679.0,679,0.0,0.0,0,False,False,NONE,0.0,0.0,0,0.0,0.0,0.0,177.5025205962572,0.0,0.0,0.0,3.868805779175773,1.0,0.9,True,174.00301599798848,86.24591930127997,178.25573075095042,177.5025205962572,-0.09693906456232071,-0.00532632227987051,-0.009587380103766918,-9.222464561462402,0.12449848651885986,-0.4596867263317108,9.999793130312497,False,IDLE,True,False,2189.033028401648,357.16963553001983,0.00015974044799804688,0.9390914470831971,0.0,0.9390914470831971,NONE,0.0,0.0,0,26,0
1764070079.3521566,10.414245843887329,23.98153899195847,True,679,2056.42962598551,0.9951171875,0.1,True,False,-231,5,0,0,26,1,96.29629629629629,13,0,3.2384615384615385,1.799572598830494,3.2384615384615385,1,242.19393730163574,25,679.0,679,0.0,0.0,0,False,False,NONE,0.0,0.0,0,0.0,0.0,0.0,177.85433376910615,0.0,0.0,0.0,4.220618952024722,1.0,0.9,True,173.98932145224288,86.27320641544604,178.41363678806903,177.85433376910615,-0.041545312851667404,-0.007456851191818714,0.004261057823896408,-9.260771751403809,-0.05746084079146385,-0.545877993106842,9.999815273165249,False,IDLE,True,False,2189.033028401648,357.16963553001983,0.0001575946807861328,0.9390914470831971,0.0,0.9390914470831971,NONE,0.0,0.0,0,27,0
1764070079.389818,10.45190715789795,24.028745537000077,True,679,2056.42962598551,0.9951171875,0.1,True,False,-231,5,0,0,27,1,96.42857142857143,14,0,3.113960113960114,1.764641638962459,3.113960113960114,1,279.47545051574707,26,679.0,679,0.0,0.0,0,False,False,NONE,0.0,0.0,0,0.0,0.0,0.0,178.00849858001334,0.0,0.0,0.0,4.374783762931912,1.0,0.9,True,173.78345838136332,86.26581861640017,178.3267614440606,178.00849858001334,-0.11185276508331299,0.004261057823896408,-0.007456851191818714,-9.165003776550293,-0.009576806798577309,-0.6703764796257019,9.999802627371974,False,IDLE,True,False,2189.033028401648,357.16963553001983,0.00016927719116210938,0.9390914470831971,0.0,0.9390914470831971,NONE,0.0,0.0,0,28,0
1764070079.4319181,10.494007349014282,24.0708265707937,False,0,0,0.0,0.12000000000000001,True,False,0,6,0,0,27,2,93.10344827586206,0,1,3.113960113960114,1.764641638962459,3.113960113960114,0,0.0,26,679.0,0,0.0,0.0,0,False,False,NONE,0.0,0.0,0,0.0,0.0,0.0,178.11801874454216,0.0,0.0,0.0,4.484303927460729,1.0,0.9,True,173.21062563438144,86.22605341980136,178.18642629467752,178.11801874454216,-0.148071750998497,-0.004261057823896408,0.001065264455974102,-9.222464561462402,0.1149216815829277,-0.689530074596405,9.999827026202242,False,IDLE,True,False,2189.033028401648,357.16963553001983,0.041606903076171875,0.9390914470831971,0.0,0.9390914470831971,NONE,0.0,0.0,0,29,0
1764070079.4718869,10.533976078033447,24.08440828923563,True,715,2048.2907310468395,0.998046875,0.12000000000000001,True,False,-195,6,0,0,28,2,93.33333333333333,1,0,49.379629629629626,7.027064083216377,49.379629629629626,0,0.0,27,691.0,715,0.0,0.0,0,False,False,NONE,0.0,0.0,0,0.0,0.0,0.0,178.24912090803167,0.0,0.0,0.0,4.615406090950245,1.0,0.9,True,172.777256924094,86.20712380407414,178.1660198610098,178.24912090803167,-0.1065264418721199,-0.002130528911948204,-0.004261057823896408,-9.222464561462402,0.31603461503982544,-0.47884035110473633,9.99983310977991,False,IDLE,True,False,2187.915976965744,358.62635046676627,0.0001728534698486328,0.9400506075354134,0.0,0.9400506075354134,NONE,0.0,0.0,0,30,0
1764070079.510449,10.572538137435913,24.906828273628204,True,715,2048.2907310468395,0.998046875,0.12000000000000001,True,False,-195,6,0,0,29,2,93.54838709677419,2,0,89.25615763546799,9.447547704852724,89.25615763546799,1,38.44881057739258,28,700.6,715,0.0,0.0,0,False,False,NONE,0.0,0.0,0,0.0,0.0,0.0,178.2390125206431,0.0,0.0,0.0,4.625514478338829,1.0,0.9,True,172.5310478873844,86.19321652141436,178.1094959807812,178.2390125206431,-0.041545312851667404,-0.002130528911948204,-0.007456851191818714,-9.2033109664917,0.2298433631658554,-0.4405331015586853,9.999817267034697,False,IDLE,True,False,2187.915976965744,358.62635046676627,0.00017452239990234375,0.9400506075354134,0.0,0.9400506075354134,NONE,0.0,0.0,0,31,0
1764070079.5530314,10.615120649337769,24.898457153408923,True,716,2050.324676797487,0.998046875,0.12000000000000001,True,False,-194,6,0,0,30,2,93.75,3,0,125.97241379310344,11.223743305738218,125.97241379310344,0,0.0,29,708.1333333333333,716,0.0,0.0,0,False,False,NONE,0.0,0.0,0,0.0,0.0,0.0,178.20562542591395,0.0,0.0,0.0,4.658901573067965,1.0,0.9,True,172.57673612701652,86.16405961176024,178.22218596537738,178.20562542591395,-0.06178533658385277,-0.002130528911948204,-0.017044231295585632,-9.184157371520996,-0.009576806798577309,-0.6703764796257019,9.999853076709305,False,IDLE,True,False,2190.0555481510974,358.65314803889896,0.00017118453979492188,0.9382147429394722,0.0,0.9382147429394722,NONE,0.0,0.0,0,32,0
1764070079.5904107,10.652499914169312,24.904576832791314,True,716,2050.324676797487,0.998046875,0.12000000000000001,True,False,-194,6,0,0,31,2,93.93939393939394,4,0,157.75913978494623,12.560220530904154,157.75913978494623,1,37.29891777038574,30,713.2,716,0.0,0.0,0,False,False,NONE,0.0,0.0,0,0.0,0.0,0.0,178.20399259013746,0.0,0.0,0.0,4.660534408844455,1.0,0.9,True,172.61628639468938,86.20551726434478,178.51428774150364,178.20399259013746,-0.16937704384326935,-0.001065264455974102,-0.007456851191818714,-9.21288776397705,-0.13407529890537262,-0.6033388376235962,9.99985131571504,False,IDLE,True,False,2190.0555481510974,358.65314803889896,0.0002262592315673828,0.9382147429394722,0.0,0.9382147429394722,NONE,0.0,0.0,0,33,0
1764070079.6297212,10.691810369491577,24.898511413892916,True,716,2050.324676797487,0.998046875,0.12000000000000001,True,False,-194,6,0,0,32,2,94.11764705882352,5,0,185.31854838709677,13.613175543828735,185.31854838709677,1,77.16798782348633,31,715.8,716,0.0,0.0,0,False,False,NONE,0.0,0.0,0,0.0,0.0,0.0,178.2654494611521,0.0,0.0,0.0,4.721991279859083,1.0,0.9,True,172.47476061313955,86.19635555115327,178.64199443386195,178.2654494611521,-0.17789915204048157,-0.012783173471689224,0.002130528911948204,-9.232041358947754,-0.14365209639072418,-0.6129156351089478,9.999879810431459,False,IDLE,True,False,2190.0555481510974,358.65314803889896,0.00011181831359863281,0.9382147429394722,0.0,0.9382147429394722,NONE,0.0,0.0,0,34,0
1764070079.6727328,10.734822034835815,24.89701693494684,True,716,2050.324676797487,0.998046875,0.14,True,False,-194,7,0,0,33,2,94.28571428571428,6,0,209.23863636363637,14.465083351423743,209.23863636363637,1,119.35806274414062,32,715.9333333333333,716,0.0,0.0,0,False,False,NONE,0.0,0.0,0,0.0,0.0,0.0,178.29701123304605,0.0,0.0,0.0,4.753553051753045,1.0,0.9,True,171.50298704487489,86.21066833671526,178.13357307016886,178.29701123304605,-0.14274543523788452,-0.001065264455974102,0.023435818031430244,-9.174580574035645,0.38307225704193115,-0.545877993106842,9.999871255624818,False,IDLE,True,False,2190.0555481510974,358.65314803889896,0.0001385211944580078,0.9382147429394722,0.0,0.9382147429394722,NONE,0.0,0.0,0,35,0
1764070079.7111483,10.773237466812134,24.89256181614375,True,716,2050.324676797487,0.998046875,0.14,True,False,-194,7,0,0,34,2,94.44444444444444,7,0,230.01426024955435,15.166221027321024,230.01426024955435,1,157.71746635437012,33,716.0,716,0.0,0.0,0,False,False,NONE,0.0,0.0,0,0.0,0.0,0.0,178.2719892484529,0.0,0.0,0.0,4.778575036346183,1.0,0.9,True,171.21139569823808,86.20021856292551,178.00551090501895,178.2719892484529,-0.09800432622432709,-0.003195793367922306,-0.003195793367922306,-9.193734169006348,0.4884171485900879,-0.5650315880775452,9.999816156164478,False,IDLE,True,False,2190.055548151098,357.52814803889896,0.00019025802612304688,0.9382147429394716,0.0,0.9382147429394716,NONE,0.0,0.0,0,36,0
1764070079.752682,10.814771175384521,24.908184735886497,True,716,2050.324676797487,0.998046875,0.14,True,False,-194,7,0,0,35,2,94.5945945945946,8,0,248.0638655462185,15.750043350613943,248.0638655462185,1,199.55992698669434,34,716.0,716,0.0,0.0,0,False,False,NONE,0.0,0.0,0,0.0,0.0,0.0,178.25502681189624,0.0,0.0,0.0,4.795537472902851,1.0,0.9,True,171.2728912323363,86.21296210231975,178.24401242250232,178.25502681189624,-0.001065264455974102,-0.006391586735844612,-0.014913702383637428,-9.232041358947754,0.24899697303771973,-0.6224924325942993,9.999865843020999,False,IDLE,True,False,2190.055548151098,357.52814803889896,0.00018286705017089844,0.9382147429394716,0.0,0.9382147429394716,NONE,0.0,0.0,0,37,0
1764070079.7910178,10.85310697555542,24.905624744801326,True,716,2050.324676797487,0.998046875,0.14,True,False,-194,7,0,0,36,2,94.73684210526315,9,0,263.74285714285713,16.240161857040007,263.74285714285713,1,237.76698112487793,35,716.0,716,0.0,0.0,0,False,False,NONE,0.0,0.0,0,0.0,0.0,0.0,178.27603136245204,0.0,0.0,0.0,4.816542023458652,1.0,0.9,True,171.5743577188383,86.20475616941648,178.53680694961898,178.27603136245204,0.008522115647792816,-0.014913702383637428,-0.01065264455974102,-9.184157371520996,0.0,-0.5746083855628967,9.999833862655613,False,IDLE,True,False,2190.055548151098,357.52814803889896,0.00019073486328125,0.9382147429394716,0.0,0.9382147429394716,NONE,0.0,0.0,0,38,0
1764070079.8324645,10.894553661346436,24.92799364049829,True,716,2050.324676797487,0.998046875,0.14,True,False,-194,7,0,0,37,2,94.87179487179486,10,0,277.35435435435437,16.653959119511324,277.35435435435437,1,279.34861183166504,36,716.0,716,0.0,0.0,0,False,False,NONE,0.0,0.0,0,0.0,0.0,0.0,178.3411388491592,0.0,0.0,0.0,4.881649510165801,1.0,0.9,True,171.72090069129035,86.28553444890777,178.83750116174878,178.3411388491592,-0.12144014239311218,0.001065264455974102,0.01065264455974102,-9.21288776397705,-0.181959331035614,-0.4692635238170624,9.999864653438527,False,IDLE,True,False,2190.055548151098,357.52814803889896,0.00018215179443359375,0.9382147429394716,0.0,0.9382147429394716,NONE,0.0,0.0,0,39,0
1764070079.8737109,10.935800075531006,24.91880453523083,False,0,0,0.0,0.16,True,False,0,8,0,0,37,3,92.5,0,1,277.35435435435437,16.653959119511324,277.35435435435437,0,0.0,36,716.0,0,0.0,0.0,0,False,False,NONE,0.0,0.0,0,0.0,0.0,0.0,178.37515784916158,0.0,0.0,0.0,4.915668510168189,1.0,0.9,True,171.04301386348865,86.23110263072358,178.50620986103362,178.37515784916158,-0.1438107043504715,0.007456851191818714,0.014913702383637428,-9.174580574035645,0.08619125932455063,-0.689530074596405,9.999871255624818,False,IDLE,True,False,2190.055548151098,357.52814803889896,0.04082679748535156,0.9382147429394716,0.0,0.9382147429394716,NONE,0.0,0.0,0,40,0
1764070079.9102476,10.972336769104004,24.918938789138775,False,0,0,0.0,0.16,True,False,0,8,0,0,37,4,90.2439024390244,0,2,277.35435435435437,16.653959119511324,277.35435435435437,0,0.0,36,716.0,0,0.0,0.0,0,False,False,NONE,0.0,0.0,0,0.0,0.0,0.0,178.36477450742424,0.0,0.0,0.0,4.926051851905527,1.0,0.9,True,170.24168425025272,86.22856420154118,178.00566256340798,178.36477450742424,-0.13315805792808533,0.007456851191818714,0.014913702383637428,-9.155426979064941,0.5267243981361389,-0.5554547905921936,9.999901958589424,False,IDLE,True,False,2190.055548151098,357.52814803889896,0.07832479476928711,0.9382147429394716,0.0,0.9382147429394716,NONE,0.0,0.0,0,41,0
1764070079.9520984,11.014187574386597,24.937213054696585,False,0,0,0.0,0.16,True,False,0,8,0,0,37,5,88.09523809523809,0,3,277.35435435435437,16.653959119511324,277.35435435435437,0,0.0,36,716.0,0,0.0,0.0,0,False,False,NONE,0.0,0.0,0,0.0,0.0,0.0,178.36575278157642,0.0,0.0,0.0,4.927030126057701,1.0,0.9,True,170.14013184619245,86.19441908177762,178.23196870689904,178.36575278157642,-0.12357067316770554,-0.006391586735844612,-0.006391586735844612,-9.184157371520996,0.19153612852096558,-0.5841852426528931,9.999875569756549,False,IDLE,True,False,2190.055548151098,357.52814803889896,0.11982154846191406,0.9382147429394716,0.0,0.9382147429394716,NONE,0.0,0.0,0,42,0
1764070079.990282,11.052371263504028,24.93744457567511,False,0,0,0.0,0.16,True,False,0,8,0,0,37,6,86.04651162790698,0,4,277.35435435435437,16.653959119511324,277.35435435435437,0,0.0,36,716.0,0,0.0,0.0,0,False,False,NONE,0.0,0.0,0,0.0,0.0,0.0,178.37180949138843,0.0,0.0,0.0,4.933086835869716,1.0,0.9,True,170.23448312461932,86.15953815107973,178.57485483962364,178.37180949138843,-0.06711165606975555,0.0,-0.003195793367922306,-9.193734169006348,-0.038307227194309235,-0.4884171485900879,9.999905298819373,False,IDLE,True,False,2190.055548151098,357.52814803889896,0.15833783149719238,0.9382147429394716,0.0,0.9382147429394716,NONE,0.0,0.0,0,43,0
1764070080.0320945,11.094183683395386,24.94214261331969,False,0,0,0.0,0.16,True,False,0,8,0,0,37,7,84.0909090909091,0,5,277.35435435435437,16.653959119511324,277.35435435435437,0,0.0,36,716.0,0,0.0,0.0,0,False,False,NONE,0.0,0.0,0,0.0,0.0,0.0,178.35502721460563,0.0,0.0,0.0,4.949869112652522,1.0,0.9,True,170.05672682540128,86.16924447393869,178.47417166603387,178.35502721460563,-0.052197955548763275,0.006391586735844612,0.00532632227987051,-9.232041358947754,-0.009576806798577309,-0.5841852426528931,9.99986648737829,False,IDLE,True,False,2190.055548151098,357.52814803889896,0.19979214668273926,0.9382147429394716,0.0,0.9382147429394716,NONE,0.0,0.0,0,44,0
1764070080.0698936,11.131982803344727,24.944139314032608,False,0,0,0.0,0.16,True,False,0,8,0,0,37,8,82.22222222222221,0,6,277.35435435435437,16.653959119511324,277.35435435435437,0,0.0,36,716.0,0,0.0,0.0,0,False,False,NONE,0.0,0.0,0,0.0,0.0,0.0,178.3723882979197,0.0,0.0,0.0,4.967230195966607,1.0,0.9,True,169.6557786575976,86.1215801242131,178.3071839033098,178.3723882979197,-0.16937704384326935,0.003195793367922306,0.006391586735844612,-9.21288776397705,0.038307227194309235,-0.727837324142456,9.999906752714132,False,IDLE,True,False,2190.055548151098,357.52814803889896,0.23796582221984863,0.9382147429394716,0.0,0.9382147429394716,NONE,0.0,0.0,0,45,0
1764070080.113211,11.175300121307373,24.93210893392654,False,0,0,0.0,0.18,True,False,0,9,0,0,37,9,80.43478260869566,0,7,277.35435435435437,16.653959119511324,277.35435435435437,0,0.0,36,716.0,0,0.0,0.0,0,False,False,NONE,0.0,0.0,0,0.0,0.0,0.0,178.42182704592545,0.0,0.0,0.0,5.016668943972348,1.0,0.9,True,169.34580764776146,86.10592202835272,178.4998983850764,178.42182704592545,-0.24820661544799805,0.0,0.009587380103766918,-9.241618156433105,-0.047884032130241394,-0.6033388376235962,9.999879444580554,False,IDLE,True,False,2190.055548151098,357.52814803889896,0.2801029682159424,0.9382147429394716,0.0,0.9382147429394716,NONE,0.0,0.0,0,46,0
1764070080.1503615,11.212450742721558,24.9526005107479,False,0,0,0.0,0.18,True,False,0,9,0,0,37,10,78.72340425531915,0,8,277.35435435435437,16.653959119511324,277.35435435435437,0,0.0,36,716.0,0,0.0,0.0,0,False,False,NONE,0.0,0.0,0,0.0,0.0,0.0,178.44939299472688,0.0,0.0,0.0,5.044234892773773,1.0,0.9,True,168.91184196791494,86.1483434768585,178.51967191051668,178.44939299472688,-0.2407497614622116,0.006391586735844612,0.008522115647792816,-9.232041358947754,0.08619125932455063,-0.5937620401382446,9.9998888068693,False,IDLE,True,False,2190.055548151098,357.52814803889896,0.318112850189209,0.9382147429394716,0.0,0.9382147429394716,NONE,0.0,0.0,0,47,0
1764070080.1927698,11.25485897064209,24.956681837691395,False,0,0,0.0,0.18,True,False,0,9,0,0,37,11,77.08333333333334,0,9,277.35435435435437,16.653959119511324,277.35435435435437,0,0.0,36,716.0,0,0.0,0.0,0,False,False,NONE,0.0,0.0,0,0.0,0.0,0.0,178.42619959242163,0.0,0.0,0.0,5.067428295079026,1.0,0.9,True,167.99789773632608,86.16848418532679,178.3048729265664,178.42619959242163,-0.19813919067382812,0.004261057823896408,0.003195793367922306,-9.193734169006348,0.2968810200691223,-0.49799394607543945,9.999891818740064,False,IDLE,True,False,2190.055548151098,357.52814803889896,0.3605320453643799,0.9382147429394716,0.0,0.9382147429394716,NONE,0.0,0.0,0,48,0
1764070080.2305498,11.292639017105103,24.96152053802106,False,0,0,0.0,0.18,True,False,0,9,0,0,37,12,75.51020408163265,0,10,277.35435435435437,16.653959119511324,277.35435435435437,0,0.0,36,716.0,0,0.0,0.0,0,False,False,NONE,0.0,0.0,0,0.0,0.0,0.0,178.36173184318932,0.0,0.0,0.0,5.131896044311333,1.0,0.9,True,167.50789093846154,86.16852890401633,178.19282366942574,178.36173184318932,-0.14487595856189728,-0.002130528911948204,-0.004261057823896408,-9.222464561462402,0.3256114423274994,-0.5841852426528931,9.999913683488055,False,IDLE,True,False,2190.055548151098,357.52814803889896,0.39855146408081055,0.9382147429394716,0.0,0.9382147429394716,NONE,0.0,0.0,0,49,0
1764070080.2754445,11.337533712387085,24.963594271445633,True,734,2064.6648219153103,0.9892578125,0.18,True,False,-176,9,0,0,38,12,76.0,1,0,323.33997155049786,17.98165652965538,323.33997155049786,0,0.0,37,722.0,734,0.0,0.0,0,False,False,NONE,0.0,0.0,0,0.0,0.0,0.0,178.36115694026017,0.0,0.0,0.0,5.132470947240478,1.0,0.9,True,167.3593112057359,86.14394197879426,178.5004608317423,178.36115694026017,-0.20559602975845337,0.0,-0.006391586735844612,-9.222464561462402,-0.047884032130241394,-0.5650315880775452,9.999894143271456,False,IDLE,True,False,2210.0084040381444,356.6304710378201,0.000202178955078125,0.9213500492630148,0.0,0.9213500492630148,NONE,0.0,0.0,0,50,0
1764070080.3106606,11.37274980545044,24.95092791190655,True,734,2064.6648219153103,0.9892578125,0.18,True,False,-176,9,0,0,39,12,76.47058823529412,2,0,364.2348178137652,19.084936935021954,364.2348178137652,1,35.915374755859375,38,726.8,734,0.0,0.0,0,False,False,NONE,0.0,0.0,0,0.0,0.0,0.0,178.43339099667764,0.0,0.0,0.0,5.204705003657949,1.0,0.9,True,167.1460147600426,86.12346131877003,178.72800312758264,178.43339099667764,-0.16937704384326935,-0.006391586735844612,0.004261057823896408,-9.193734169006348,-0.038307227194309235,-0.507570743560791,9.999900145686322,False,IDLE,True,False,2210.0084040381444,356.6304710378201,0.0001990795135498047,0.9213500492630148,0.0,0.9213500492630148,NONE,0.0,0.0,0,51,0
1764070080.3539867,11.416075944900513,24.94248984412127,True,734,2064.6648219153103,0.9892578125,0.19999999999999998,True,False,-176,10,0,0,40,12,76.92307692307693,3,0,400.625641025641,20.015634914377337,400.625641025641,1,78.5517692565918,39,730.4,734,0.0,0.0,0,False,False,NONE,0.0,0.0,0,0.0,0.0,0.0,178.43572774514436,0.0,0.0,0.0,5.207041752124667,1.0,0.9,True,166.33268439958206,86.12546977383755,178.25533619156613,178.43572774514436,-0.09054747968912125,-0.003195793367922306,0.015978965908288956,-9.2033109664917,0.49799394607543945,-0.363918662071228,9.999901332361572,False,IDLE,True,False,2210.0084040381444,356.6304710378201,0.0002079010009765625,0.9213500492630148,0.0,0.9213500492630148,NONE,0.0,0.0,0,52,0
1764070080.391651,11.453740119934082,24.92346460720955,True,785,2052.434380184318,0.8212890625,0.19999999999999998,True,False,-125,10,0,0,41,12,77.35849056603774,4,0,600.2024390243903,24.49902934861686,600.2024390243903,0,0.0,40,749.8,785,0.0,0.0,0,False,False,NONE,0.0,0.0,0,0.0,0.0,0.0,178.3867630369411,0.0,0.0,0.0,5.256006460327939,1.0,0.9,True,166.0681022356228,86.12387176754712,178.0852077575909,178.3867630369411,-0.029827404767274857,0.001065264455974102,0.008522115647792816,-9.107542991638184,0.5746083855628967,-0.45010992884635925,9.999938011553693,False,IDLE,True,False,2216.9568980061545,358.874542856299,0.0001552104949951172,0.9155836200254754,0.0,0.9155836200254754,NONE,0.0,0.0,0,53,0
1764070080.4331026,11.495191812515259,24.911724990011706,True,785,2052.434380184318,0.8212890625,0.19999999999999998,True,False,-125,10,0,0,42,12,77.77777777777779,5,0,780.3066202090592,27.933968930480667,780.3066202090592,1,41.4125919342041,41,764.6,785,0.0,0.0,0,False,False,NONE,0.0,0.0,0,0.0,0.0,0.0,178.36933600934705,0.0,0.0,0.0,5.273433487921977,1.0,0.9,True,166.28591943313256,86.11723413535734,178.2999013900935,178.36933600934705,0.002130528911948204,-0.006391586735844612,-0.00532632227987051,-9.21288776397705,0.09576806426048279,-0.6512228846549988,9.999928298334032,False,IDLE,True,False,2216.9568980061545,358.874542856299,0.0001232624053955078,0.9155836200254754,0.0,0.9155836200254754,NONE,0.0,0.0,0,54,0
1764070080.4728742,11.534963369369507,24.903602349225686,True,785,2052.434380184318,0.8212890625,0.19999999999999998,True,False,-125,10,0,0,43,12,78.18181818181819,6,0,942.9922480620155,30.7081788463923,942.9922480620155,1,81.07376098632812,42,774.8,785,0.0,0.0,0,False,False,NONE,0.0,0.0,0,0.0,0.0,0.0,178.40432612901418,0.0,0.0,0.0,5.308423607589106,1.0,0.9,True,166.62511971085613,86.16222232617272,178.6570850999812,178.40432612901418,-0.044741105288267136,-0.009587380103766918,-0.027696875855326653,-9.260771751403809,-0.23942017555236816,-0.45010992884635925,9.99991980530288,False,IDLE,True,False,2216.9568980061545,358.874542856299,0.00015664100646972656,0.9155836200254754,0.0,0.9155836200254754,NONE,0.0,0.0,0,55,0
1764070080.5152879,11.577377080917358,24.91149135417391,True,785,2052.434380184318,0.8212890625,0.19999999999999998,True,False,-125,10,0,0,44,12,78.57142857142857,7,0,1090.063424947146,33.016108567593875,1090.063424947146,1,122.91288375854492,43,781.6,785,0.0,0.0,0,False,False,NONE,0.0,0.0,0,0.0,0.0,0.0,178.4509112240898,0.0,0.0,0.0,5.355008702664719,1.0,0.9,True,166.61965240361167,86.13266579632993,178.96574933583247,178.4509112240898,-0.24394555389881134,0.00532632227987051,0.0,-9.279925346374512,-0.5554547905921936,-0.6799532771110535,9.999929496717256,False,IDLE,True,False,2216.9568980061545,358.874542856299,0.00040602684020996094,0.9155836200254754,0.0,0.9155836200254754,NONE,0.0,0.0,0,56,0
1764070080.5534577,11.615546941757202,24.93560417953591,True,785,2052.434380184318,0.8212890625,0.19999999999999998,True,False,-125,10,0,0,45,12,78.94736842105263,8,0,1223.1090909090908,34.97297658062709,1223.1090909090908,1,161.11183166503906,44,785.0,785,0.0,0.0,0,False,False,NONE,0.0,0.0,0,0.0,0.0,0.0,178.48015520750135,0.0,0.0,0.0,5.38425268607628,1.0,0.9,True,165.80825180481892,86.09017002823417,178.812111744632,178.48015520750135,-0.333427757024765,-0.00532632227987051,0.014913702383637428,-9.279925346374512,-0.047884032130241394,-0.6320692300796509,9.99993675673478,False,IDLE,True,False,2216.9568980061545,358.874542856299,0.0003948211669921875,0.9155836200254754,1.7009618943233422,2.5294078055979767,NONE,0.0,0.0,0,57,0
1764070080.5993323,11.661421537399292,24.91334570555325,True,785,2052.434380184318,0.8212890625,0.21999999999999997,True,False,-125,11,0,0,46,12,79.3103448275862,9,0,1343.5323671497586,36.654227138895706,1343.5323671497586,1,204.01358604431152,45,785.0,785,0.0,0.0,0,False,False,NONE,0.0,0.0,0,0.0,0.0,0.0,178.46606112066038,0.0,0.0,0.0,5.39834677291725,1.0,0.9,True,164.335171223372,86.14626595404853,178.16393205815697,178.46606112066038,-0.3025350868701935,0.0,0.004261057823896408,-9.193734169006348,0.6320692300796509,-0.5746083855628967,9.999910881573614,False,IDLE,True,False,2216.9568980061545,358.874542856299,0.0010254383087158203,0.9155836200254754,1.7009618943233422,2.5294078055979767,NONE,0.0,0.0,0,58,0
1764070080.6376736,11.69976282119751,24.91753621975028,True,785,2052.434380184318,0.8212890625,0.21999999999999997,True,False,-125,11,0,0,47,12,79.66101694915254,10,0,1452.5753931544866,38.11266709578965,1452.5753931544866,1,243.33906173706055,46,785.0,785,0.0,0.0,0,False,False,NONE,0.0,0.0,0,0.0,0.0,0.0,178.46415544612606,0.0,0.0,0.0,5.400252447451578,1.0,0.9,True,163.72678292375443,86.0639881569099,178.17376692408246,178.46415544612606,-0.23435817658901215,-0.00532632227987051,-0.002130528911948204,-9.184157371520996,0.5267243981361389,-0.38307225704193115,9.99991578641787,False,IDLE,True,False,2216.9568980061545,357.749542856299,0.0010306835174560547,0.9155836200254758,1.7009618943233422,2.5230494572769904,NONE,0.0,0.0,0,59,0
1764070080.674589,11.736678123474121,24.934475985960884,True,785,2052.434380184318,0.8212890625,0.21999999999999997,True,False,-125,11,0,0,48,12,80.0,11,0,1551.340425531915,39.38705911250439,1551.340425531915,1,281.16297721862793,47,785.0,785,0.0,0.0,0,False,False,NONE,0.0,0.0,0,0.0,0.0,0.0,178.47784695585048,0.0,0.0,0.0,5.413943957176002,1.0,0.9,True,163.7103411238437,86.1195862952153,178.63737592898644,178.47784695585048,-0.11291802674531937,0.002130528911948204,0.003195793367922306,-9.21288776397705,0.07661445438861847,-0.4692635238170624,9.99990383876447,False,IDLE,True,False,2216.9568980061545,357.749542856299,0.0005075931549072266,0.9155836200254758,1.7009618943233422,2.5230494572769904,NONE,0.0,0.0,0,60,0
1764070080.7169092,11.778998374938965,24.93305841051001,False,0,0,0.0,0.21999999999999997,True,False,0,11,0,0,48,13,78.68852459016394,0,1,1551.340425531915,39.38705911250439,1551.340425531915,0,0.0,47,785.0,0,0.0,0.0,0,False,False,NONE,0.0,0.0,0,0.0,0.0,0.0,178.4650520384929,0.0,0.0,0.0,5.426738874533584,1.0,0.9,True,163.48446543320497,86.11721522294903,178.6000539540069,178.4650520384929,-0.06285060197114944,0.002130528911948204,0.013848437927663326,-9.232041358947754,0.19153612852096558,-0.6320692300796509,9.99990830740034,False,IDLE,True,False,2216.9568980061545,357.749542856299,0.04274487495422363,0.9155836200254758,1.7009618943233422,2.5230494572769904,NONE,0.0,0.0,0,61,0
1764070080.7539222,11.816011428833008,24.933224973419744,False,0,0,0.0,0.21999999999999997,True,False,0,11,0,0,48,14,77.41935483870968,0,2,1551.340425531915,39.38705911250439,1551.340425531915,0,0.0,47,785.0,0,0.0,0.0,0,False,False,NONE,0.0,0.0,0,0.0,0.0,0.0,178.49106770063372,0.0,0.0,0.0,5.452754536674405,1.0,0.9,True,163.26471692480007,86.05887323732937,178.51549281297426,178.49106770063372,-0.02876213937997818,-0.00532632227987051,-0.002130528911948204,-9.2033109664917,0.26815059781074524,-0.45010992884635925,9.99993301251893,False,IDLE,True,False,2216.9568980061545,357.749542856299,0.07999658584594727,0.9155836200254758,0.0,0.9155836200254758,NONE,0.0,0.0,0,62,0
1764070080.7976744,11.859763622283936,24.91010297573755,True,855,2026.2479803412764,0.998046875,0.21999999999999997,True,True,-55,11,1,0,49,14,77.77777777777779,1,0,1961.5221088435374,44.28907437329818,1961.5221088435374,0,0.0,48,808.3333333333334,855,0.0,0.0,0,False,False,NONE,0.0,0.0,0,0.0,0.0,0.0,178.51398354928926,0.0,0.0,0.0,5.475670385329948,1.0,0.9,True,163.05198956861207,86.10569574373176,178.3143662441465,178.51398354928926,-0.001065264455974102,0.009587380103766918,0.007456851191818714,-9.193734169006348,0.3256114423274994,-0.5841852426528931,9.999940660616875,False,IDLE,True,False,2230.496129319023,2.449902718416787,0.0004508495330810547,0.904502071703803,0.0,0.904502071703803,NONE,0.0,0.0,0,63,0
1764070080.8353455,11.897434711456299,24.90354837684544,True,855,2026.2479803412764,0.998046875,0.21999999999999997,False,True,-55,11,2,0,50,14,78.125,2,0,2337.6228571428574,48.34896955616384,2337.6228571428574,1,37.7504825592041,49,827.0,855,0.0,0.0,0,False,False,NONE,0.0,0.0,0,0.0,0.0,0.0,178.54405360024626,0.0,0.0,0.0,5.505740436286942,1.0,0.9,True,163.3378177708282,86.10728001188639,178.6006018996632,178.54405360024626,-0.002130528911948204,0.003195793367922306,0.0,-9.232041358947754,0.12449848651885986,-0.507570743560791,9.999943971947827,False,IDLE,True,False,2230.496129319023,2.449902718416787,0.0004634857177734375,0.904502071703803,0.0,0.904502071703803,NONE,0.0,0.0,0,64,0
1764070080.876897,11.93898630142212,24.910039437693012,True,860,2009.9504163976867,0.9912109375,0.21999999999999997,False,True,-50,11,3,0,51,14,78.46153846153847,3,0,2710.8949019607844,52.06625492543884,2710.8949019607844,0,0.0,50,842.6666666666666,860,0.0,0.0,0,False,False,NONE,0.0,0.0,0,0.0,0.0,0.0,178.5522020876685,0.0,0.0,0.0,5.513888923709175,1.0,0.9,True,163.48033850240904,86.08876165083566,178.73856997420393,178.5522020876685,0.01065264455974102,-0.004261057823896408,-0.004261057823896408,-9.232041358947754,0.009576806798577309,-0.5554547905921936,9.99994681459984,False,IDLE,True,False,2218.429495255249,2.910528089762276,0.0004551410675048828,0.9143684915521011,0.0,0.9143684915521011,NONE,0.0,0.0,0,65,0
1764070080.916639,11.978728294372559,24.888573489990225,True,860,2009.9504163976867,0.9912109375,0.21999999999999997,False,True,-50,11,4,0,52,14,78.78787878787878,4,0,3053.6907993966815,55.260209910899555,3053.6907993966815,1,39.66975212097168,51,853.3333333333334,860,0.0,0.0,0,False,False,NONE,0.0,0.0,0,0.0,0.0,0.0,178.50594331578998,0.0,0.0,0.0,5.560147695587688,1.0,0.9,True,163.24157682709387,86.10212093157045,178.50316161704706,178.50594331578998,-0.002130528911948204,-0.00532632227987051,0.001065264455974102,-9.232041358947754,0.19153612852096558,-0.4692635238170624,9.999945236274769,False,IDLE,True,False,2218.429495255249,2.910528089762276,0.0004658699035644531,0.9143684915521011,0.0,0.9143684915521011,NONE,0.0,0.0,0,66,0
1764070080.959682,12.02177119255066,24.865036994314945,True,877,2001.0076308852135,0.92578125,0.21999999999999997,False,True,-33,11,5,0,53,14,79.1044776119403,5,0,3464.380986937591,58.85899240504879,3464.380986937591,0,0.0,52,864.6666666666666,877,0.0,0.0,0,False,False,NONE,0.0,0.0,0,0.0,0.0,0.0,178.46224841658602,0.0,0.0,0.0,5.603842594791644,1.0,0.9,True,163.0901343575852,86.04653275153724,178.37516275259244,178.46224841658602,-0.029827404767274857,0.004261057823896408,0.007456851191818714,-9.193734169006348,0.2585737705230713,-0.689530074596405,9.999931606361946,False,IDLE,True,False,2220.876711579678,3.9802068319772297,0.0009129047393798828,0.9123544899339561,0.0,0.9123544899339561,NONE,0.0,0.0,0,67,0
1764070080.9989412,12.061030387878418,24.883399450168852,True,877,2001.0076308852135,0.92578125,0.21999999999999997,False,True,-33,11,6,0,54,14,79.41176470588235,6,0,3842.51572327044,61.988028870665346,3842.51572327044,1,38.3148193359375,53,869.8666666666667,877,0.0,0.0,0,False,False,NONE,0.0,0.0,0,0.0,0.0,0.0,178.49801071495537,0.0,0.0,0.0,5.639604893160993,1.0,0.9,True,163.1193410418003,86.07055467185721,178.52155504185055,178.49801071495537,-0.12144014239311218,-0.003195793367922306,-0.01810949482023716,-9.165003776550293,-0.028730420395731926,-0.7182605266571045,9.999927142617974,False,IDLE,True,False,2220.876711579678,3.9802068319772297,0.0011463165283203125,0.9123544899339561,0.0,0.9123544899339561,NONE,0.0,0.0,0,68,0
1764070081.0387104,12.100799560546875,24.857325761448962,True,887,1991.3750983385385,0.927734375,0.21999999999999997,False,True,-23,11,7,0,55,14,79.71014492753623,7,0,4247.86734006734,65.17566524453233,4247.86734006734,0,0.0,54,876.9333333333333,887,0.0,0.0,0,False,False,NONE,0.0,0.0,0,0.0,0.0,0.0,178.5597840617087,0.0,0.0,0.0,5.701378239914334,1.0,0.9,True,163.01093405393505,86.12978704911205,178.79150039161584,178.5597840617087,-0.1715075671672821,-0.00532632227987051,-0.011717909015715122,-9.193734169006348,-0.09576806426048279,-0.4884171485900879,9.999953214891914,False,IDLE,True,False,2218.133498303091,4.610550411068597,0.0004703998565673828,0.9146125420974855,0.0,0.9146125420974855,NONE,0.0,0.0,0,69,0
1764070081.080556,12.142645120620728,24.854825469505112,True,887,1991.3750983385385,0.927734375,0.21999999999999997,False,True,-23,11,8,0,56,14,80.0,8,0,4621.7701298701295,67.9836019189196,4621.7701298701295,1,39.636850357055664,55,881.8666666666667,887,0.0,0.0,0,False,False,NONE,0.0,0.0,0,0.0,0.0,0.0,178.54261182136085,0.0,0.0,0.0,5.718550480262195,1.0,0.9,True,162.3008869321943,86.09518796845634,178.4656535255079,178.54261182136085,-0.1299622654914856,-0.007456851191818714,0.019174760207533836,-9.165003776550293,0.3064578175544739,-0.45010992884635925,9.99992813434477,False,IDLE,True,False,2218.133498303091,4.610550411068597,0.0012295246124267578,0.9146125420974855,0.0,0.9146125420974855,NONE,0.0,0.0,0,70,0
1764070081.1245372,12.186626434326172,24.85242043998348,True,887,1991.2525480798336,0.96337890625,0.21999999999999997,False,True,-23,11,9,0,57,14,80.28169014084507,9,0,4966.772556390977,70.4753329640306,4966.772556390977,0,0.0,56,885.0,887,0.0,0.0,0,False,False,NONE,0.0,0.0,0,0.0,0.0,0.0,178.49957949252394,0.0,0.0,0.0,5.76158280909911,1.0,0.9,True,161.76367704160666,86.0807529169093,178.1697306656377,178.49957949252394,-0.05965480953454971,0.0,0.007456851191818714,-9.232041358947754,0.5650315880775452,-0.5171475410461426,9.999933981995486,False,IDLE,True,False,2219.113431020116,4.703963326401659,0.0012619495391845703,0.9138049575436248,0.0,0.9138049575436248,NONE,0.0,0.0,0,71,0
1764070081.161075,12.223164319992065,24.825896171283606,True,887,1991.2525480798336,0.96337890625,0.21999999999999997,False,True,-23,11,10,0,58,14,80.55555555555556,10,0,5285.185722928009,72.69928282265245,5285.185722928009,1,36.73386573791504,57,886.3333333333334,887,0.0,0.0,0,False,False,NONE,0.0,0.0,0,0.0,0.0,0.0,178.48330579878913,0.0,0.0,0.0,5.777856502833913,1.0,0.9,True,161.87299502171282,86.10401787570991,178.3527558756262,178.48330579878913,-0.034088462591171265,-0.011717909015715122,0.0,-9.2033109664917,0.2585737705230713,-0.5363011956214905,9.999934369094108,False,IDLE,True,False,2219.113431020116,4.703963326401659,0.0011529922485351562,0.9138049575436248,0.0,0.9138049575436248,NONE,0.0,0.0,0,72,0
1764070081.1998024,12.261891603469849,24.831565478028264,True,887,1991.2525480798336,0.96337890625,0.21999999999999997,False,True,-23,11,11,0,59,14,80.82191780821918,11,0,5579.108708357686,74.69343149405901,5579.108708357686,1,77.04901695251465,58,887.0,887,0.0,0.0,0,False,False,NONE,0.0,0.0,0,0.0,0.0,0.0,178.5162014415868,0.0,0.0,0.0,5.810752145631568,1.0,0.9,True,162.0962907368987,86.09201107174628,178.64332267212305,178.5162014415868,-0.03621898964047432,-0.009587380103766918,-0.003195793367922306,-9.241618156433105,0.019153613597154617,-0.4692635238170624,9.99993049983422,False,IDLE,True,False,2219.113431020116,4.703963326401659,0.00048351287841796875,0.9138049575436248,0.0,0.9138049575436248,NONE,0.0,0.0,0,73,0
1764070081.2425127,12.304601907730103,24.806657506554114,True,887,1991.2525480798336,0.96337890625,0.21999999999999997,False,True,-23,11,12,0,60,14,81.08108108108108,12,0,5850.450847457627,76.48823992913961,5850.450847457627,1,119.32802200317383,59,887.0,887,0.0,0.0,0,False,False,NONE,0.0,0.0,0,0.0,0.0,0.0,178.5218128096099,0.0,0.0,0.0,5.816363513654693,1.0,0.9,True,162.06863890256744,86.12734653437015,178.65671557989455,178.5218128096099,0.009587380103766918,0.007456851191818714,0.013848437927663326,-9.2033109664917,0.08619125932455063,-0.545877993106842,9.999928668247456,False,IDLE,True,False,2219.113431020116,4.703963326401659,0.0004949569702148438,0.9138049575436248,0.0,0.9138049575436248,NONE,0.0,0.0,0,74,0
1764070081.2823627,12.344451904296875,24.81026906722663,True,887,1991.2525480798336,0.96337890625,0.21999999999999997,False,True,-23,11,13,0,61,14,81.33333333333333,13,0,6100.951366120218,78.10858701909936,6100.951366120218,1,159.0292453765869,60,887.0,887,0.0,0.0,0,False,False,NONE,0.0,0.0,0,0.0,0.0,0.0,178.46493372458772,0.0,0.0,0.0,5.873242598676882,1.0,0.9,True,161.5601817900314,86.06061268447657,178.1697791239818,178.46493372458772,-0.02556634694337845,-0.003195793367922306,0.003195793367922306,-9.193734169006348,0.40222588181495667,-0.5363011956214905,9.99995072706977,False,IDLE,True,False,2219.113431020116,4.703963326401659,0.0009233951568603516,0.9138049575436248,0.0,0.9138049575436248,NONE,0.0,0.0,0,75,0
1764070081.3220067,12.384095907211304,24.825964999245816,True,887,1991.2525480798336,0.96337890625,0.21999999999999997,False,True,-23,11,14,0,62,14,81.57894736842105,14,0,6332.196721311476,79.57510113918471,6332.196721311476,1,197.40676879882812,61,887.0,887,0.0,0.0,0,False,False,NONE,0.0,0.0,0,0.0,0.0,0.0,178.44698261826318,0.0,0.0,0.0,5.891193705001427,1.0,0.9,True,161.70613735946353,86.10327029426772,178.32365055380183,178.44698261826318,-0.006391586735844612,0.003195793367922306,-0.008522115647792816,-9.21288776397705,0.33518823981285095,-0.5746083855628967,9.999934874507002,False,IDLE,True,False,2219.113431020116,4.703963326401659,0.0011987686157226562,0.9138049575436248,0.0,0.9138049575436248,NONE,0.0,0.0,0,76,0
1764070081.3651824,12.427271604537964,24.745372811681406,True,887,1991.2525480798336,0.96337890625,0.21999999999999997,False,True,-23,11,15,0,63,14,81.81818181818183,15,0,6545.635944700461,80.9051045651661,6545.635944700461,1,242.78688430786133,62,887.0,887,0.0,0.0,0,False,False,NONE,0.0,0.0,0,0.0,0.0,0.0,178.4773045945575,0.0,0.0,0.0,5.921515681295745,1.0,0.9,True,162.0621818966752,86.09488081845622,178.67838251553536,178.4773045945575,-0.003195793367922306,-0.012783173471689224,-0.011717909015715122,-9.21288776397705,-0.047884032130241394,-0.6129156351089478,9.999955350901814,False,IDLE,True,False,2219.113431020116,4.703963326401659,0.0004963874816894531,0.9138049575436248,0.0,0.9138049575436248,NONE,0.0,0.0,0,77,0
1764070081.4041946,12.466283798217773,24.74406358581286,True,887,1991.2525480798336,0.96337890625,0.21999999999999997,False,True,-23,11,16,0,64,14,82.05128205128204,16,0,6742.5942460317465,82.11330127349494,6742.5942460317465,1,281.33678436279297,63,887.0,887,0.0,0.0,0,False,False,NONE,0.0,0.0,0,0.0,0.0,0.0,178.48473055350732,0.0,0.0,0.0,5.928941640245569,1.0,0.9,True,161.95590490374127,86.03602100764732,178.59581463134887,178.48473055350732,-0.007456851191818714,-0.006391586735844612,0.006391586735844612,-9.2033109664917,0.07661445438861847,-0.5841852426528931,9.999949015363798,False,IDLE,True,False,2219.113431020116,4.703963326401659,0.0005471706390380859,0.9138049575436248,0.0,0.9138049575436248,NONE,0.0,0.0,0,78,0
1764070081.4454093,12.507498502731323,24.752974393745646,True,903,1987.493599451595,0.91015625,0.21999999999999997,False,True,-7,11,17,0,65,14,82.27848101265823,17,0,6995.4697115384615,83.63892461969165,6995.4697115384615,0,0.0,64,892.3333333333334,903,0.0,0.0,0,False,False,NONE,0.0,0.0,0,0.0,0.0,0.0,178.4387088637364,0.0,0.0,0.0,5.974963330016493,1.0,0.9,True,161.67668252060116,86.11797179103854,178.33128349390662,178.4387088637364,-0.029827404767274857,-0.00532632227987051,-0.006391586735844612,-9.222464561462402,0.33518823981285095,-0.49799394607543945,9.999948876074912,False,IDLE,True,False,2227.048433352237,5.67117636602241,0.0005109310150146484,0.9073047606208581,1.688070439290906,2.5466739913465095,NONE,0.0,0.0,0,79,0
1764070081.4845266,12.546615839004517,24.733548841651423,True,903,1987.493599451595,0.91015625,0.21999999999999997,False,True,-7,11,18,0,66,14,82.5,18,0,7229.875990675991,85.02867746046618,7229.875990675991,1,39.41822052001953,65,896.6,903,0.0,0.0,0,False,False,NONE,0.0,0.0,0,0.0,0.0,0.0,178.43784856004433,0.0,0.0,0.0,5.975823633708558,1.0,0.9,True,161.7072797021329,86.0797100467079,178.4570504885872,178.43784856004433,-0.030892668291926384,-0.004261057823896408,0.004261057823896408,-9.222464561462402,0.22026655077934265,-0.5267243981361389,9.999948144227949,False,IDLE,True,False,2227.048433352237,5.67117636602241,0.0005254745483398438,0.9073047606208581,1.688070439290906,2.5466739913465095,NONE,0.0,0.0,0,80,0
1764070081.5317247,12.5938138961792,24.686129300886538,True,911,1985.580297889031,0.875,0.21999999999999997,False,True,1,11,19,0,67,14,82.71604938271605,19,0,7483.415196743555,86.50673497909602,7483.415196743555,0,0.0,66,902.4666666666667,911,0.0,0.0,0,False,False,NONE,0.0,0.0,0,0.0,0.0,0.0,178.47477962260834,0.0,0.0,0.0,6.012754696272566,1.0,0.9,True,161.75039910543583,86.10599745947735,178.53904129127784,178.47477962260834,0.01065264455974102,-0.004261057823896408,-0.01065264455974102,-9.184157371520996,0.1628057211637497,-0.4692635238170624,9.99995832107396,False,IDLE,True,False,2231.816378040631,6.197998609843872,0.001682281494140625,0.9034322574431806,1.688070439290906,2.5450969722474066,NONE,0.0,0.0,0,81,0
1764070081.569846,12.631935119628906,24.68960836490779,True,911,1985.580297889031,0.875,0.21999999999999997,False,True,1,11,20,0,68,14,82.92682926829268,20,0,7718.866549604916,87.85708024743889,7718.866549604916,1,39.29424285888672,67,906.7333333333333,911,0.0,0.0,0,False,False,NONE,0.0,0.0,0,0.0,0.0,0.0,178.49286441040357,0.0,0.0,0.0,6.030839484067798,1.0,0.9,True,161.7486525854875,86.08480838111566,178.53360375357875,178.49286441040357,-0.011717909015715122,-0.00532632227987051,0.001065264455974102,-9.222464561462402,0.1149216815829277,-0.6224924325942993,9.999883350709581,False,IDLE,True,False,2231.816378040631,6.197998609843872,0.0006849765777587891,0.9034322574431806,1.688070439290906,2.5450969722474066,NONE,0.0,0.0,0,82,0
1764070081.614822,12.676911115646362,24.706295403780125,True,915,1978.0001219671835,0.84716796875,0.21999999999999997,False,True,5,11,21,0,69,14,83.13253012048193,21,0,7955.262148337596,89.1922762818485,7955.262148337596,0,0.0,68,910.7333333333333,915,0.0,0.0,0,False,False,NONE,0.0,0.0,0,0.0,0.0,0.0,178.4739062928816,0.0,0.0,0.0,6.049797601589773,1.0,0.9,True,161.68775226031454,86.1699154419767,178.45374149690304,178.4739062928816,-0.003195793367922306,0.0,0.009587380103766918,-9.21288776397705,0.2106897532939911,-0.5171475410461426,9.99994749073806,False,IDLE,True,False,2226.6719645079233,6.4151961198058,0.002783536911010742,0.9076115870015,1.688070439290906,2.55001495269073,NONE,0.0,0.0,0,83,0
1764070081.6501489,12.712238073348999,24.729152558731617,True,915,1978.0001219671835,0.84716796875,0.21999999999999997,False,True,5,11,22,0,70,14,83.33333333333334,22,0,8174.953209109731,90.41544784554092,8174.953209109731,1,35.83836555480957,69,912.8666666666667,915,0.0,0.0,0,False,False,NONE,0.0,0.0,0,0.0,0.0,0.0,178.44639721313524,0.0,0.0,0.0,6.077306681336125,1.0,0.9,True,161.57109897284406,86.03620626776606,178.3816247824312,178.44639721313524,-0.00532632227987051,-0.003195793367922306,0.003195793367922306,-9.241618156433105,0.2585737705230713,-0.4884171485900879,9.999894586039462,False,IDLE,True,False,2226.6719645079233,6.4151961198058,0.0012278556823730469,0.9076115870015,1.688070439290906,2.55001495269073,NONE,0.0,0.0,0,84,0
1764070081.696143,12.758232116699219,24.72719929426483,True,911,1979.8273000032432,0.86865234375,0.21999999999999997,False,True,1,11,23,0,71,14,83.52941176470588,23,0,8362.283702213279,91.44552313926188,8362.283702213279,0,0.0,70,912.8666666666667,911,0.0,0.0,0,False,False,NONE,0.0,0.0,0,0.0,0.0,0.0,178.48081759448064,0.0,0.0,0.0,6.111727062681524,1.0,0.9,True,161.7239416572069,86.11087844039659,178.51398293743569,178.48081759448064,-0.0,0.004261057823896408,-0.004261057823896408,-9.155426979064941,0.12449848651885986,-0.5267243981361389,9.99994474329347,False,IDLE,True,False,2226.922024768195,6.287739334683715,0.0017688274383544922,0.9074077676987543,1.688070439290906,2.549303176448885,NONE,0.0,0.0,0,85,0
1764070081.7294343,12.791523456573486,24.744227644622537,True,911,1979.8273000032432,0.86865234375,0.21999999999999997,False,True,1,11,24,0,72,14,83.72093023255815,24,0,8536.008607198748,92.39052228014921,8536.008607198748,1,34.5919132232666,71,912.3333333333334,911,0.0,0.0,0,False,False,NONE,0.0,0.0,0,0.0,0.0,0.0,178.49985083284403,0.0,0.0,0.0,6.130760301044916,1.0,0.9,True,161.7239416572069,86.11087844039659,178.51398293743569,178.49985083284403,-0.009587380103766918,0.01065264455974102,0.003195793367922306,-9.193734169006348,0.14365209639072418,-0.45010992884635925,9.999937734326231,False,IDLE,True,False,2226.922024768195,6.287739334683715,0.0011920928955078125,0.9074077676987543,1.688070439290906,2.549303176448885,NONE,0.0,0.0,0,86,0
1764070081.7698364,12.831925630569458,24.733880063839706,True,911,1975.9877977338106,0.873046875,0.21999999999999997,False,True,1,11,25,0,73,14,83.9080459770115,25,0,8697.032343987823,93.2578808679879,8697.032343987823,0,0.0,72,911.8,911,0.0,0.0,0,False,False,NONE,0.0,0.0,0,0.0,0.0,0.0,178.48254616182012,0.0,0.0,0.0,6.148064972068823,1.0,0.9,True,161.689433084276,86.06280672375327,178.50533580529634,178.48254616182012,0.003195793367922306,-0.009587380103766918,0.007456851191818714,-9.174580574035645,0.22026655077934265,-0.545877993106842,9.999945958747452,False,IDLE,True,False,2221.9829302215235,6.219941030584239,0.0004949569702148438,0.9114462810552325,1.688070439290906,2.5529319569313085,NONE,0.0,0.0,0,87,0
1764070081.809519,12.871608257293701,24.74004189583894,True,911,1975.9877977338106,0.873046875,0.21999999999999997,False,True,1,11,26,0,74,14,84.0909090909091,26,0,8846.191780821919,94.05419597669164,8846.191780821919,1,37.88924217224121,73,911.2666666666667,911,0.0,0.0,0,False,False,NONE,0.0,0.0,0,0.0,0.0,0.0,178.4749074730647,0.0,0.0,0.0,6.155703660824258,1.0,0.9,True,161.725716955702,86.13222277289395,178.51942774379455,178.4749074730647,-0.0,-0.004261057823896408,-0.008522115647792816,-9.21288776397705,0.2106897532939911,-0.5171475410461426,9.99994641029293,False,IDLE,True,False,2221.9829302215235,6.219941030584239,0.0011832714080810547,0.9114462810552325,1.688070439290906,2.5529319569313085,NONE,0.0,0.0,0,88,0
1764070081.849621,12.911710262298584,24.73383972302942,True,911,1975.9877977338106,0.873046875,0.21999999999999997,False,True,1,11,27,0,75,14,84.26966292134831,27,0,8984.261981981981,94.7853468737757,8984.261981981981,1,79.1630744934082,74,911.0,911,0.0,0.0,0,False,False,NONE,0.0,0.0,0,0.0,0.0,0.0,178.49120420482066,0.0,0.0,0.0,6.17200039258023,1.0,0.9,True,161.69915260624325,86.13712416709788,178.49425081146643,178.49120420482066,0.008522115647792816,-0.001065264455974102,0.001065264455974102,-9.2033109664917,0.181959331035614,-0.47884035110473633,9.9999414940303,False,IDLE,True,False,2221.9829302215235,6.219941030584239,0.000518798828125,0.9114462810552325,1.688070439290906,2.5529319569313085,NONE,0.0,0.0,0,89,0
1764070081.888506,12.950595140457153,24.736957360656483,True,911,1975.9877977338106,0.873046875,0.21999999999999997,False,True,1,11,28,0,76,14,84.44444444444444,28,0,9111.961403508772,95.4565943427104,9111.961403508772,1,118.80850791931152,75,911.0,911,0.0,0.0,0,False,False,NONE,0.0,0.0,0,0.0,0.0,0.0,178.500985881369,0.0,0.0,0.0,6.181782069128559,1.0,0.9,True,161.73557359492222,86.07858006296628,178.55486725407042,178.500985881369,-0.008522115647792816,-0.002130528911948204,0.008522115647792816,-9.2033109664917,0.14365209639072418,-0.5363011956214905,9.999955230489467,False,IDLE,True,False,2221.9829302215235,6.219941030584239,0.0005333423614501953,0.9114462810552325,1.688070439290906,2.5529319569313085,NONE,0.0,0.0,0,90,0
1764070081.9278698,12.989959001541138,24.737911618169694,True,911,1975.9877977338106,0.873046875,0.21999999999999997,False,True,1,11,29,0,77,14,84.61538461538461,29,0,9229.956596035543,96.0726631047331,9229.956596035543,1,157.83953666687012,76,911.0,911,0.0,0.0,0,False,False,NONE,0.0,0.0,0,0.0,0.0,0.0,178.49563399501545,0.0,0.0,0.0,6.187133955482096,1.0,0.9,True,161.66453915270856,86.08873661759611,178.48552242774238,178.49563399501545,0.003195793367922306,-0.017044231295585632,0.003195793367922306,-9.222464561462402,0.1628057211637497,-0.545877993106842,9.999959757201784,False,IDLE,True,False,2221.9829302215235,6.219941030584239,0.0005319118499755859,0.9114462810552325,1.688070439290906,2.5529319569313085,NONE,0.0,0.0,0,91,0
1764070081.970727,13.032816171646118,24.739920539480682,True,911,1975.9877977338106,0.873046875,0.21999999999999997,False,True,1,11,30,0,78,14,84.78260869565217,30,0,9338.866466866466,96.63781075162281,9338.866466866466,1,200.9282112121582,77,911.0,911,0.0,0.0,0,False,False,NONE,0.0,0.0,0,0.0,0.0,0.0,178.48971428639285,0.0,0.0,0.0,6.193053664104696,1.0,0.9,True,161.6742849401298,86.16354916652494,178.47440666735267,178.48971428639285,0.007456851191818714,0.001065264455974102,-0.003195793367922306,-9.251194953918457,0.22026655077934265,-0.507570743560791,9.999952782978259,False,IDLE,True,False,2221.9829302215235,6.219941030584239,0.000553131103515625,0.9114462810552325,1.688070439290906,2.5529319569313085,NONE,0.0,0.0,0,92,0
1764070082.0098565,13.071945667266846,24.73854167958841,True,911,1975.9877977338106,0.873046875,0.21999999999999997,False,True,1,11,31,0,79,14,84.94623655913979,31,0,9439.266147354754,97.15588580911995,9439.266147354754,1,238.9218807220459,78,911.0,911,0.0,0.0,0,False,False,NONE,0.0,0.0,0,0.0,0.0,0.0,178.49035247788296,0.0,0.0,0.0,6.193691855594807,1.0,0.9,True,161.63770853089636,86.0935647344269,178.46012341180418,178.49035247788296,0.001065264455974102,-0.003195793367922306,0.003195793367922306,-9.222464561462402,0.12449848651885986,-0.4692635238170624,9.999940318802192,False,IDLE,True,False,2221.9829302215235,6.219941030584239,0.0009279251098632812,0.9114462810552325,0.0,0.9114462810552325,NONE,0.0,0.0,0,93,0
1764070082.0504596,13.112548828125,24.752034653320656,True,911,1975.9877977338106,0.873046875,0.21999999999999997,False,True,1,11,32,0,80,14,85.1063829787234,32,0,9531.690506329114,97.6303769650057,9531.690506329114,1,280.2858352661133,79,911.0,911,0.0,0.0,0,False,False,NONE,0.0,0.0,0,0.0,0.0,0.0,178.4970878801966,0.0,0.0,0.0,6.200427257908444,1.0,0.9,True,161.64747816659127,86.16846502033367,178.44897880556763,178.4970878801966,-0.001065264455974102,0.00532632227987051,-0.008522115647792816,-9.21288776397705,0.13407529890537262,-0.5171475410461426,9.999941308792122,False,IDLE,True,False,2221.9829302215235,6.219941030584239,0.0005288124084472656,0.9114462810552325,0.0,0.9114462810552325,NONE,0.0,0.0,0,94,0
1764070082.0889611,13.151050329208374,24.759327267189587,False,0,0,0.0,0.21999999999999997,False,True,0,11,33,0,80,15,84.21052631578947,0,1,9531.690506329114,97.6303769650057,9531.690506329114,0,0.0,79,911.0,0,0.0,0.0,0,False,False,NONE,0.0,0.0,0,0.0,0.0,0.0,178.4905874670098,0.0,0.0,0.0,6.206927671095258,1.0,0.9,True,161.64747816659127,86.16846502033367,178.44897880556763,178.4905874670098,0.007456851191818714,0.001065264455974102,-0.001065264455974102,-9.251194953918457,0.15322890877723694,-0.6320692300796509,9.999940772156409,False,IDLE,True,False,2221.9829302215235,6.219941030584239,0.03855752944946289,0.9114462810552325,0.0,0.9114462810552325,NONE,0.0,0.0,0,95,0
1764070082.1294723,13.191561460494995,24.785751883840938,False,0,0,0.0,0.21999999999999997,False,True,0,11,34,0,80,16,83.33333333333334,0,2,9531.690506329114,97.6303769650057,9531.690506329114,0,0.0,79,911.0,0,0.0,0.0,0,False,False,NONE,0.0,0.0,0,0.0,0.0,0.0,178.484087053823,0.0,0.0,0.0,6.213428084282043,1.0,0.9,True,161.64747816659127,86.16846502033367,178.44897880556763,178.484087053823,0.004261057823896408,-0.01065264455974102,0.002130528911948204,-9.222464561462402,0.20111294090747833,-0.4692635238170624,9.999944220297737,False,IDLE,True,False,2221.9829302215235,6.219941030584239,0.07956385612487793,0.9114462810552325,0.0,0.9114462810552325,NONE,0.0,0.0,0,96,0
1764070082.1680655,13.230154752731323,24.778400529385934,False,0,0,0.0,0.21999999999999997,False,True,0,11,35,0,80,17,82.4742268041237,0,3,9531.690506329114,97.6303769650057,9531.690506329114,0,0.0,79,911.0,0,0.0,0.0,0,False,False,NONE,0.0,0.0,0,0.0,0.0,0.0,178.47701267047597,0.0,0.0,0.0,6.220502467629075,1.0,0.9,True,161.61074190358121,86.09838626912529,178.43459197182614,178.47701267047597,-0.003195793367922306,-0.001065264455974102,-0.002130528911948204,-9.2033109664917,0.14365209639072418,-0.5746083855628967,9.999961115801494,False,IDLE,True,False,2221.9829302215235,6.219941030584239,0.11817502975463867,0.9114462810552325,0.0,0.9114462810552325,NONE,0.0,0.0,0,97,0
1764070082.2114053,13.273494482040405,24.734351211733568,False,0,0,0.0,0.21999999999999997,False,True,0,11,36,0,80,18,81.63265306122449,0,4,9531.690506329114,97.6303769650057,9531.690506329114,0,0.0,79,911.0,0,0.0,0.0,0,False,False,NONE,0.0,0.0,0,0.0,0.0,0.0,178.46741173375145,0.0,0.0,0.0,6.230103404353599,1.0,0.9,True,161.62053549791776,86.17337438683573,178.42341837654948,178.46741173375145,-0.007456851191818714,-0.006391586735844612,0.00532632227987051,-9.21288776397705,0.1628057211637497,-0.4884171485900879,9.999960150196294,False,IDLE,True,False,2221.9829302215235,6.219941030584239,0.16112375259399414,0.9114462810552325,1.7009618943233422,2.561528784568292,NONE,0.0,0.0,0,98,0
1764070082.250144,13.312233209609985,24.756608673900583,True,911,1974.071171571096,0.8857421875,0.21999999999999997,False,True,1,11,37,0,81,18,81.81818181818183,1,0,9616.637345679012,98.06445505726839,9616.637345679012,0,0.0,80,911.0,911,0.0,0.0,0,False,False,NONE,0.0,0.0,0,0.0,0.0,0.0,178.45887936201103,0.0,0.0,0.0,6.238635776094014,1.0,0.9,True,161.58363823257554,86.103201197331,178.40892709406222,178.45887936201103,-0.011717909015715122,-0.015978965908288956,-0.007456851191818714,-9.260771751403809,0.15322890877723694,-0.545877993106842,9.999962816472996,False,IDLE,True,False,2220.166442640886,6.235713359951846,0.0005130767822265625,0.912938338692994,1.7009618943233422,2.563033623797648,NONE,0.0,0.0,0,99,0
1764070082.2910955,13.353184700012207,24.775365054199302,True,913,1972.20361328125,0.89208984375,0.21999999999999997,False,True,3,11,38,0,82,18,82.0,2,0,9700.813610358326,98.49270841213742,9700.813610358326,0,0.0,81,911.6666666666666,913,0.0,0.0,0,False,False,NONE,0.0,0.0,0,0.0,0.0,0.0,178.44316507315608,0.0,0.0,0.0,6.254350064948966,1.0,0.9,True,161.59345589664903,86.17827724110383,178.39772436552073,178.44316507315608,0.002130528911948204,0.007456851191818714,0.007456851191818714,-9.222464561462402,0.19153612852096558,-0.4118026793003082,9.999966383093357,False,IDLE,True,False,2219.5083727138126,6.336070181906225,0.0005288124084472656,0.9134797796144581,1.7009618943233422,2.563982272750333,NONE,0.0,0.0,0,100,0
1764070082.3325167,13.394605875015259,24.7651048117176,True,913,1972.20361328125,0.89208984375,0.21999999999999997,False,True,3,11,39,0,83,18,82.17821782178217,3,0,9778.1072583015,98.88431249850251,9778.1072583015,1,39.465904235839844,82,912.2,913,0.0,0.0,0,False,False,NONE,0.0,0.0,0,0.0,0.0,0.0,178.4343852669339,0.0,0.0,0.0,6.263129871171145,1.0,0.9,True,161.59345589664903,86.17827724110383,178.39772436552073,178.4343852669339,-0.004261057823896408,-0.008522115647792816,-0.014913702383637428,-9.21288776397705,0.12449848651885986,-0.5746083855628967,9.99995335515695,False,IDLE,True,False,2219.5083727138126,6.336070181906225,0.0011930465698242188,0.9134797796144581,1.7009618943233422,2.563982272750333,NONE,0.0,0.0,0,101,0
1764070082.3727808,13.43487000465393,24.774009182863516,True,913,1972.20361328125,0.89208984375,0.21999999999999997,False,True,3,11,40,0,84,18,82.35294117647058,4,0,9848.937464142284,99.24181308371126,9848.937464142284,1,81.6652774810791,83,912.6,913,0.0,0.0,0,False,False,NONE,0.0,0.0,0,0.0,0.0,0.0,178.42726644790116,0.0,0.0,0.0,6.270248690203886,1.0,0.9,True,161.59536974997744,86.20002531920532,178.4032184770253,178.42726644790116,0.002130528911948204,-0.003195793367922306,-0.004261057823896408,-9.21288776397705,0.13407529890537262,-0.5554547905921936,9.999966294271347,False,IDLE,True,False,2219.5083727138126,6.336070181906225,0.0005245208740234375,0.9134797796144581,1.7009618943233422,2.563982272750333,NONE,0.0,0.0,0,102,0
1764070082.4132018,13.475291013717651,24.776703393719007,True,913,1972.20361328125,0.89208984375,0.21999999999999997,False,True,3,11,41,0,85,18,82.52427184466019,5,0,9913.695518207283,99.56754249356204,9913.695518207283,1,119.82274055480957,84,912.8666666666667,913,0.0,0.0,0,False,False,NONE,0.0,0.0,0,0.0,0.0,0.0,178.42011766947525,0.0,0.0,0.0,6.2773974686298,1.0,0.9,True,161.55833501230717,86.12936332625007,178.3886356275448,178.42011766947525,-0.003195793367922306,-0.008522115647792816,-0.001065264455974102,-9.193734169006348,0.15322890877723694,-0.47884035110473633,9.999950973973315,False,IDLE,True,False,2219.5083727138126,6.336070181906225,0.0012416839599609375,0.9134797796144581,0.0,0.9134797796144581,NONE,0.0,0.0,0,103,0
1764070082.4542665,13.516355752944946,24.77136713979222,True,913,1972.20361328125,0.89208984375,0.21999999999999997,False,True,3,11,42,0,86,18,82.6923076923077,6,0,9972.746922024624,99.86364164211429,9972.746922024624,1,163.05828094482422,85,913.0,913,0.0,0.0,0,False,False,NONE,0.0,0.0,0,0.0,0.0,0.0,178.4059627852849,0.0,0.0,0.0,6.291552352820133,1.0,0.9,True,161.49654594028618,86.21545127639114,178.30742996366445,178.4059627852849,-0.002130528911948204,-0.001065264455974102,0.001065264455974102,-9.232041358947754,0.17238251864910126,-0.5171475410461426,9.999963457901313,False,IDLE,True,False,2219.5083727138126,6.336070181906225,0.0005218982696533203,0.9134797796144581,0.0,0.9134797796144581,NONE,0.0,0.0,0,104,0
1764070082.4939654,13.556054592132568,24.77555982169134,True,913,1972.20361328125,0.89208984375,0.21999999999999997,False,True,3,11,43,0,87,18,82.85714285714286,7,0,10026.433306602512,100.13207930829417,10026.433306602512,1,200.64997673034668,86,913.0,913,0.0,0.0,0,False,False,NONE,0.0,0.0,0,0.0,0.0,0.0,178.3923606197052,0.0,0.0,0.0,6.30515451839986,1.0,0.9,True,161.4985153155437,86.23743341694089,178.31295714977043,178.3923606197052,0.008522115647792816,-0.002130528911948204,-0.004261057823896408,-9.2033109664917,0.181959331035614,-0.5171475410461426,9.999953451827421,False,IDLE,True,False,2219.5083727138126,6.336070181906225,0.0012271404266357422,0.9134797796144581,0.0,0.9134797796144581,NONE,0.0,0.0,0,105,0
1764070082.5331306,13.595219850540161,24.75873241137329,True,913,1972.20361328125,0.89208984375,0.21999999999999997,False,True,3,11,44,0,88,18,83.01886792452831,8,0,10075.074190177638,100.37466906634182,10075.074190177638,1,242.0361042022705,87,913.0,913,0.0,0.0,0,False,False,NONE,0.0,0.0,0,0.0,0.0,0.0,178.3767190249762,0.0,0.0,0.0,6.320796113128836,1.0,0.9,True,161.4591857287184,86.14450062107994,178.29256285827796,178.3767190249762,-0.007456851191818714,0.00532632227987051,0.003195793367922306,-9.2033109664917,0.15322890877723694,-0.43095630407333374,9.999965676839345,False,IDLE,True,False,2219.5083727138126,6.336070181906225,0.0005178451538085938,0.9134797796144581,0.0,0.9134797796144581,NONE,0.0,0.0,0,106,0
1764070082.5725667,13.634655952453613,24.821283840943813,True,913,1972.20361328125,0.89208984375,0.21999999999999997,False,True,3,11,45,0,89,18,83.17757009345794,9,0,10118.968590398366,100.59308420760527,10118.968590398366,1,281.4362049102783,88,913.0,913,0.0,0.0,0,False,False,NONE,0.0,0.0,0,0.0,0.0,0.0,178.36194356658726,0.0,0.0,0.0,6.335571571517789,1.0,0.9,True,161.47104299402594,86.2423936753387,178.28683738793654,178.36194356658726,-0.015978965908288956,-0.00532632227987051,0.002130528911948204,-9.222464561462402,0.14365209639072418,-0.5841852426528931,9.99996720084137,False,IDLE,True,False,2219.5083727138126,6.336070181906225,0.0005168914794921875,0.9134797796144581,0.0,0.9134797796144581,NONE,0.0,0.0,0,107,0
1764070082.6151106,13.677199840545654,24.83715493353247,False,0,0,0.0,0.21999999999999997,False,True,0,11,46,0,89,19,82.4074074074074,0,1,10118.968590398366,100.59308420760527,10118.968590398366,0,0.0,88,913.0,0,0.0,0.0,0,False,False,NONE,0.0,0.0,0,0.0,0.0,0.0,178.33976504510292,0.0,0.0,0.0,6.3577500930021245,1.0,0.9,True,161.36166235603764,86.18135272918663,178.20163316170618,178.33976504510292,0.011717909015715122,-0.003195793367922306,-0.007456851191818714,-9.193734169006348,0.24899697303771973,-0.5650315880775452,9.999950373860553,False,IDLE,True,False,2219.5083727138126,6.336070181906225,0.042691946029663086,0.9134797796144581,0.0,0.9134797796144581,NONE,0.0,0.0,0,108,0
1764070082.6518936,13.713982820510864,24.833258397702238,False,0,0,0.0,0.21999999999999997,False,True,0,11,47,0,89,20,81.65137614678899,0,2,10118.968590398366,100.59308420760527,10118.968590398366,0,0.0,88,913.0,0,0.0,0.0,0,False,False,NONE,0.0,0.0,0,0.0,0.0,0.0,178.32661491240594,0.0,0.0,0.0,6.370900225699103,1.0,0.9,True,161.43556753238857,86.19267645732114,178.2774257670925,178.32661491240594,0.00532632227987051,0.003195793367922306,-0.00532632227987051,-9.222464561462402,0.12449848651885986,-0.5171475410461426,9.999929262364164,False,IDLE,True,False,2219.5083727138126,6.336070181906225,0.07985281944274902,0.9134797796144581,0.0,0.9134797796144581,NONE,0.0,0.0,0,109,0
1764070082.6955147,13.757603883743286,24.827022460870584,False,0,0,0.0,0.21999999999999997,False,True,0,11,48,0,89,21,80.9090909090909,0,3,10118.968590398366,100.59308420760527,10118.968590398366,0,0.0,88,913.0,0,0.0,0.0,0,False,False,NONE,0.0,0.0,0,0.0,0.0,0.0,178.3113935512867,0.0,0.0,0.0,6.386121586818348,1.0,0.9,True,161.40576399276856,86.1757930265875,178.24551075432817,178.3113935512867,-0.006391586735844612,0.001065264455974102,-0.003195793367922306,-9.165003776550293,0.1628057211637497,-0.5363011956214905,9.999938878519671,False,IDLE,True,False,2219.5083727138126,6.336070181906225,0.12344694137573242,0.9134797796144581,0.0,0.9134797796144581,NONE,0.0,0.0,0,110,0
1764070082.7324839,13.794573068618774,24.876208948516116,False,0,0,0.0,0.21999999999999997,False,True,0,11,49,0,89,22,80.18018018018019,0,4,10118.968590398366,100.59308420760527,10118.968590398366,0,0.0,88,913.0,0,0.0,0.0,0,False,False,NONE,0.0,0.0,0,0.0,0.0,0.0,178.31082637935677,0.0,0.0,0.0,6.386688758748278,1.0,0.9,True,161.55205162924577,86.17665719674508,178.39205264622134,178.31082637935677,0.004261057823896408,-0.001065264455974102,-0.007456851191818714,-9.27034854888916,0.12449848651885986,-0.545877993106842,9.999965934182134,False,IDLE,True,False,2219.5083727138126,6.336070181906225,0.16045713424682617,0.9134797796144581,0.0,0.9134797796144581,NONE,0.0,0.0,0,111,0
1764070082.777482,13.839571237564087,24.87132319022425,False,0,0,0.0,0.21999999999999997,False,True,0,11,50,0,89,23,79.46428571428571,0,5,10118.968590398366,100.59308420760527,10118.968590398366,0,0.0,88,913.0,0,0.0,0.0,0,False,False,NONE,0.0,0.0,0,0.0,0.0,0.0,178.30265771113332,0.0,0.0,0.0,6.3948574269717255,1.0,0.9,True,161.4799036613248,86.18709384817211,178.32153179479087,178.30265771113332,-0.001065264455974102,-0.012783173471689224,0.009587380103766918,-9.27034854888916,0.2106897532939911,-0.6129156351089478,9.999955679885563,False,IDLE,True,False,2219.5083727138126,6.336070181906225,0.20492124557495117,0.9134797796144581,0.0,0.9134797796144581,NONE,0.0,0.0,0,112,0
1764070082.8137758,13.87586498260498,24.88949516864289,False,0,0,0.0,0.21999999999999997,False,True,0,11,51,0,89,24,78.76106194690266,0,6,10118.968590398366,100.59308420760527,10118.968590398366,0,0.0,88,913.0,0,0.0,0.0,0,False,False,NONE,0.0,0.0,0,0.0,0.0,0.0,178.29331621297868,0.0,0.0,0.0,6.404198925126366,1.0,0.9,True,161.45218274214903,86.19195649083271,178.29522064599846,178.29331621297868,-0.01065264455974102,-0.011717909015715122,0.004261057823896408,-9.21288776397705,0.15322890877723694,-0.5554547905921936,9.999947716977864,False,IDLE,True,False,2219.5083727138126,6.336070181906225,0.24137616157531738,0.9134797796144581,0.0,0.9134797796144581,NONE,0.0,0.0,0,113,0
1764070082.8579426,13.920031785964966,24.86668640456255,True,911,1977.816437443743,0.873046875,0.21999999999999997,False,True,1,11,52,0,90,24,78.94736842105263,1,0,10153.223470661673,100.76320494437279,10153.223470661673,0,0.0,89,912.3333333333334,911,0.0,0.0,0,False,False,NONE,0.0,0.0,0,0.0,0.0,0.0,178.29653879891447,0.0,0.0,0.0,6.407421511062154,1.0,0.9,True,161.4968139060281,86.18634926105867,178.33965582302227,178.29653879891447,0.00532632227987051,0.0,0.004261057823896408,-9.260771751403809,0.17238251864910126,-0.5746083855628967,9.99995265113094,False,IDLE,True,False,2224.4582447041325,6.261693242356357,0.001447916030883789,0.9094189461626004,1.7009618943233422,2.5597529619111867,NONE,0.0,0.0,0,114,0
1764070082.8944824,13.956571578979492,24.89520568827108,True,911,1981.6222674951864,0.8798828125,0.21999999999999997,False,True,1,11,53,0,91,24,79.13043478260869,2,0,10183.501587301587,100.91333701400221,10183.501587301587,0,0.0,90,911.8,911,0.0,0.0,0,False,False,NONE,0.0,0.0,0,0.0,0.0,0.0,178.30423274283675,0.0,0.0,0.0,6.415115454984431,1.0,0.9,True,161.54377292686743,86.20252536239403,178.3898965889931,178.30423274283675,0.01065264455974102,0.014913702383637428,-0.003195793367922306,-9.193734169006348,0.14365209639072418,-0.5937620401382446,9.999955011653123,False,IDLE,True,False,2228.064843997066,6.230417683893198,0.0007531642913818359,0.9064771510712387,1.7009618943233422,2.5567858995350954,NONE,0.0,0.0,0,115,0
1764070082.9347737,13.996862888336182,24.890627133474165,True,911,1981.6222674951864,0.8798828125,0.21999999999999997,False,True,1,11,54,0,92,24,79.3103448275862,3,0,10210.037744863832,101.04473140576816,10210.037744863832,1,38.81406784057617,91,911.4,911,0.0,0.0,0,False,False,NONE,0.0,0.0,0,0.0,0.0,0.0,178.299194366172,0.0,0.0,0.0,6.4201538316491735,1.0,0.9,True,161.39631107351704,86.20166175967476,178.24217909163053,178.299194366172,0.008522115647792816,-0.008522115647792816,0.0,-9.155426979064941,0.2106897532939911,-0.6416460275650024,9.999954865100294,False,IDLE,True,False,2228.064843997066,6.230417683893198,0.0014278888702392578,0.9064771510712387,1.7009618943233422,2.5567858995350954,NONE,0.0,0.0,0,116,0
1764070082.9748907,14.036979913711548,24.876065712719242,True,911,1981.6222674951864,0.8798828125,0.21999999999999997,False,True,1,11,55,0,93,24,79.48717948717949,4,0,10233.052127162226,101.15854945165152,10233.052127162226,1,79.43272590637207,92,911.1333333333333,911,0.0,0.0,0,False,False,NONE,0.0,0.0,0,0.0,0.0,0.0,178.2947285365414,0.0,0.0,0.0,6.424619661279763,1.0,0.9,True,161.39631107351704,86.20166175967476,178.24217909163053,178.2947285365414,0.011717909015715122,0.003195793367922306,-0.011717909015715122,-9.2033109664917,0.1628057211637497,-0.6320692300796509,9.99995573992634,False,IDLE,True,False,2228.064843997066,6.230417683893198,0.0009202957153320312,0.9064771510712387,1.7009618943233422,2.5567858995350954,NONE,0.0,0.0,0,117,0
1764070083.0151603,14.077249526977539,24.897585526707466,True,911,1983.5380859375,0.88427734375,0.21999999999999997,False,True,1,11,56,0,94,24,79.66101694915254,5,0,10252.751315488447,101.25587052358222,10252.751315488447,0,0.0,93,911.0,911,0.0,0.0,0,False,False,NONE,0.0,0.0,0,0.0,0.0,0.0,178.29878312953383,0.0,0.0,0.0,6.428674254272181,1.0,0.9,True,161.39631107351704,86.20166175967476,178.24217909163053,178.29878312953383,0.00532632227987051,-0.006391586735844612,0.004261057823896408,-9.193734169006348,0.20111294090747833,-0.507570743560791,9.999970743297245,False,IDLE,True,False,2229.880622181939,6.214712151595661,0.0012865066528320312,0.9050014745068004,1.7009618943233422,2.5552977168773285,NONE,0.0,0.0,0,118,0
1764070083.0551605,14.117249727249146,24.887856928679195,True,911,1983.5380859375,0.88427734375,0.21999999999999997,False,True,1,11,57,0,95,24,79.83193277310924,6,0,10269.329227323627,101.33769894429037,10269.329227323627,1,39.09015655517578,94,911.0,911,0.0,0.0,0,False,False,NONE,0.0,0.0,0,0.0,0.0,0.0,178.29411678419868,0.0,0.0,0.0,6.433340599607334,1.0,0.9,True,161.40630793142859,86.27867466004984,178.230762313741,178.29411678419868,-0.00532632227987051,-0.002130528911948204,0.01065264455974102,-9.241618156433105,0.181959331035614,-0.5554547905921936,9.999957245119958,False,IDLE,True,False,2229.880622181939,6.214712151595661,0.0012738704681396484,0.9050014745068004,1.7009618943233422,2.5552977168773285,NONE,0.0,0.0,0,119,0
1764070083.0963883,14.158477544784546,24.887347352305408,True,911,1983.5380859375,0.88427734375,0.21999999999999997,False,True,1,11,58,0,96,24,80.0,7,0,10282.96798245614,101.4049702058836,10282.96798245614,1,80.29413223266602,95,911.0,911,0.0,0.0,0,False,False,NONE,0.0,0.0,0,0.0,0.0,0.0,178.2911103593851,0.0,0.0,0.0,6.436347024420911,1.0,0.9,True,161.3681580954275,86.20650433479135,178.21544650619236,178.2911103593851,-0.003195793367922306,-0.00532632227987051,0.002130528911948204,-9.193734169006348,0.14365209639072418,-0.507570743560791,9.999955296716257,False,IDLE,True,False,2229.880622181939,6.214712151595661,0.001352548599243164,0.9050014745068004,1.7009618943233422,2.5552977168773285,NONE,0.0,0.0,0,120,0
1764070083.1351826,14.197271823883057,24.893916141556424,True,911,1983.5380859375,0.88427734375,0.21999999999999997,False,True,1,11,59,0,97,24,80.16528925619835,8,0,10293.83870274914,101.45855657729979,10293.83870274914,1,119.04001235961914,96,911.0,911,0.0,0.0,0,False,False,NONE,0.0,0.0,0,0.0,0.0,0.0,178.2734497453822,0.0,0.0,0.0,6.454007638423803,1.0,0.9,True,161.3681580954275,86.20650433479135,178.21544650619236,178.2734497453822,-0.011717909015715122,-0.003195793367922306,-0.003195793367922306,-9.21288776397705,0.2106897532939911,-0.5267243981361389,9.999962838366184,False,IDLE,True,False,2229.880622181939,6.214712151595661,0.001270294189453125,0.9050014745068004,1.7009618943233422,2.5552977168773285,NONE,0.0,0.0,0,121,0
1764070083.1786356,14.240724802017212,24.881141918657285,True,911,1983.5380859375,0.88427734375,0.21999999999999997,False,True,1,11,60,0,98,24,80.32786885245902,9,0,10302.102251209762,101.49927217083757,10302.102251209762,1,164.55459594726562,97,911.0,911,0.0,0.0,0,False,False,NONE,0.0,0.0,0,0.0,0.0,0.0,178.26169650792394,0.0,0.0,0.0,6.465760875882069,1.0,0.9,True,161.3781799358297,86.28361085286535,178.20399942020813,178.26169650792394,-0.006391586735844612,0.003195793367922306,-0.009587380103766918,-9.193734169006348,0.1628057211637497,-0.49799394607543945,9.999954427082569,False,IDLE,True,False,2229.880622181939,6.214712151595661,0.0005407333374023438,0.9050014745068004,1.7009618943233422,2.5552977168773285,NONE,0.0,0.0,0,122,0
1764070083.218763,14.280852317810059,24.887808116180697,True,911,1983.5380859375,0.88427734375,0.21999999999999997,False,True,1,11,61,0,99,24,80.48780487804879,10,0,10307.909915481345,101.5278775286933,10307.909915481345,1,202.61359214782715,98,911.0,911,0.0,0.0,0,False,False,NONE,0.0,0.0,0,0.0,0.0,0.0,178.2525743853449,0.0,0.0,0.0,6.474882998461112,1.0,0.9,True,161.3781799358297,86.28361085286535,178.20399942020813,178.2525743853449,-0.006391586735844612,0.0,-0.007456851191818714,-9.2033109664917,0.17238251864910126,-0.4596867263317108,9.99995739497527,False,IDLE,True,False,2229.880622181939,6.214712151595661,0.001285552978515625,0.9050014745068004,1.7009618943233422,2.5552977168773285,NONE,0.0,0.0,0,123,0
1764070083.2559366,14.318025827407837,24.850826775854507,True,911,1983.5380859375,0.88427734375,0.21999999999999997,False,True,1,11,62,0,100,24,80.64516129032258,11,0,10311.40404040404,101.5450837825448,10311.40404040404,1,241.790771484375,99,911.0,911,0.0,0.0,0,False,False,NONE,0.0,0.0,0,0.0,0.0,0.0,178.23746592737146,0.0,0.0,0.0,6.489991456434552,1.0,0.9,True,161.33985884998458,86.21134016950285,178.18857124328787,178.23746592737146,-0.003195793367922306,-0.002130528911948204,0.007456851191818714,-9.155426979064941,0.17238251864910126,-0.545877993106842,9.999962045444446,False,IDLE,True,False,2229.880622181939,6.214712151595661,0.0005190372467041016,0.9050014745068004,1.7009618943233422,2.5552977168773285,NONE,0.0,0.0,0,124,0
1764070083.2992592,14.361348390579224,24.853033653342628,True,911,1983.5380859375,0.88427734375,0.21999999999999997,False,True,1,11,63,0,101,24,80.80000000000001,12,0,10251.51707070707,101.24977565756416,10312.718613861387,1,283.99085998535156,100,911.0,911,0.0,0.0,0,False,False,NONE,0.0,0.0,0,0.0,0.0,0.0,178.21618563802377,0.0,0.0,0.0,6.511271745782238,1.0,0.9,True,161.3499057906966,86.28854041214446,178.17709369551648,178.21618563802377,-0.004261057823896408,0.00532632227987051,0.0,-9.2033109664917,0.181959331035614,-0.507570743560791,9.999956894106711,False,IDLE,True,False,2229.880622181939,6.214712151595661,0.0010025501251220703,0.9050014745068004,1.7009618943233422,2.5552977168773285,NONE,0.0,0.0,0,125,0
1764070083.3437798,14.405869007110596,24.84885245786212,False,0,0,0.0,0.21999999999999997,False,True,0,11,64,0,101,25,80.15873015873017,0,1,10251.51707070707,101.24977565756416,10312.718613861387,0,0.0,100,911.0,0,0.0,0.0,0,False,False,NONE,0.0,0.0,0,0.0,0.0,0.0,178.20812294732954,0.0,0.0,0.0,6.51933443647647,1.0,0.9,True,161.31141219402997,86.21616923803839,178.16155218468802,178.20812294732954,-0.009587380103766918,-0.008522115647792816,0.01065264455974102,-9.241618156433105,0.19153612852096558,-0.5937620401382446,9.999957879561773,False,IDLE,True,False,2229.880622181939,6.214712151595661,0.03733968734741211,0.9050014745068004,1.7009618943233422,2.5552977168773285,NONE,0.0,0.0,0,126,0
